Ankunft,Zugnr.,von (Abfahrt),Ankunftsbhf.
01:39,RE 73752,Frankfurt(Oder) (ab 00:29),Berlin-Lichtenberg
04:14,RB 22879,Eberswalde Hbf (ab 03:34),Berlin-Lichtenberg
04:44,RB 22700,Rangsdorf (ab 04:02),Berlin-Lichtenberg
05:00 (+12),RE 4350,Berlin Hbf (ab 04:46),Berlin-Lichtenberg
05:35,RB 61182,Werneuchen (ab 05:06),Berlin-Lichtenberg
05:45,RB 18302,Blankenfelde(Teltow-Fläming) (ab 05:09),Berlin-Lichtenberg
05:45,RB 22711,Blankenfelde(Teltow-Fläming) (ab 05:09),Berlin-Lichtenberg
05:56,RB 61102,Templin Stadt (ab 04:33),Berlin-Lichtenberg
06:03,RB 61421,Müncheberg(Mark) (ab 05:25),Berlin-Lichtenberg
06:06,RB 61220,Werneuchen (ab 05:34),Berlin-Lichtenberg
06:15,RB 18305,Eberswalde Hbf (ab 05:35),Berlin-Lichtenberg
06:15,RB 22717,Eberswalde Hbf (ab 05:35),Berlin-Lichtenberg
06:45,RB 18304,Blankenfelde(Teltow-Fläming) (ab 06:09),Berlin-Lichtenberg
06:45,RB 22716,Blankenfelde(Teltow-Fläming) (ab 06:09),Berlin-Lichtenberg
06:56,RB 61104,Templin Stadt (ab 05:33),Berlin-Lichtenberg
07:06,RB 61222,Werneuchen (ab 06:34),Berlin-Lichtenberg
07:15,RB 18307,Eberswalde Hbf (ab 06:35),Berlin-Lichtenberg
07:40,ECE 199,Berlin Westkreuz (ab 07:07),Berlin-Lichtenberg (S)
07:45,RB 18306,Blankenfelde(Teltow-Fläming) (ab 07:09),Berlin-Lichtenberg
07:51,RB 61107,Berlin Ostkreuz (ab 07:48),Berlin-Lichtenberg
07:56,RB 61106,Templin Stadt (ab 06:33),Berlin-Lichtenberg
08:05,RB 61425,Müncheberg(Mark) (ab 07:25),Berlin-Lichtenberg
08:06,RB 61224,Werneuchen (ab 07:34),Berlin-Lichtenberg
08:15,RB 18309,Eberswalde Hbf (ab 07:35),Berlin-Lichtenberg
08:15,RB 22721,Tübingen Hbf (ab 06:11),Berlin-Lichtenberg
08:35,RB 61188,Werneuchen (ab 08:04),Berlin-Lichtenberg
08:45,RB 18308,Blankenfelde(Teltow-Fläming) (ab 08:09),Berlin-Lichtenberg
08:45,RB 22719,Tübingen Hbf (ab 05:53),Berlin-Lichtenberg
08:56,RB 61108,Templin Stadt (ab 07:33),Berlin-Lichtenberg
09:15,RB 18311,Eberswalde Hbf (ab 08:35),Berlin-Lichtenberg
09:24 (+2),RB 5158,Kostrzyn (ab 08:02),Berlin-Lichtenberg
09:35,RB 61190,Werneuchen (ab 09:04),Berlin-Lichtenberg
09:45,RB 18310,Blankenfelde(Teltow-Fläming) (ab 09:09),Berlin-Lichtenberg
09:51,RB 61111,Berlin Ostkreuz (ab 09:48),Berlin-Lichtenberg
09:56 (+7),RB 61110,Templin Stadt (ab 08:33),Berlin-Lichtenberg
10:06,RB 61429,Müncheberg(Mark) (ab 09:25),Berlin-Lichtenberg
10:15,RB 18313,Eberswalde Hbf (ab 09:35),Berlin-Lichtenberg
10:35,RB 61192,Werneuchen (ab 10:04),Berlin-Lichtenberg
10:45,RB 18312,Blankenfelde(Teltow-Fläming) (ab 10:09),Berlin-Lichtenberg
10:51,RB 61113,Berlin Ostkreuz (ab 10:48),Berlin-Lichtenberg
10:56,RB 61112,Templin Stadt (ab 09:33),Berlin-Lichtenberg
11:06,RB 61228,Werneuchen (ab 10:34),Berlin-Lichtenberg
11:45,RB 18314,Blankenfelde(Teltow-Fläming) (ab 11:09),Berlin-Lichtenberg
11:51,RB 61115,Berlin Ostkreuz (ab 11:48),Berlin-Lichtenberg
11:56,RB 61114,Templin Stadt (ab 10:33),Berlin-Lichtenberg
12:35,RB 61196,Werneuchen (ab 12:04),Berlin-Lichtenberg
12:51,RB 61117,Berlin Ostkreuz (ab 12:48),Berlin-Lichtenberg
12:56,RB 61116,Templin Stadt (ab 11:33),Berlin-Lichtenberg
13:06,RB 61232,Werneuchen (ab 12:34),Berlin-Lichtenberg
13:15,RB 18319,Eberswalde Hbf (ab 12:35),Berlin-Lichtenberg
13:45,RB 18318,Blankenfelde(Teltow-Fläming) (ab 13:09),Berlin-Lichtenberg
13:51,RB 61119,Berlin Ostkreuz (ab 13:48),Berlin-Lichtenberg
13:56,RB 61118,Templin Stadt (ab 12:33),Berlin-Lichtenberg
14:06,RB 61234,Werneuchen (ab 13:34),Berlin-Lichtenberg
14:15,RB 18321,Eberswalde Hbf (ab 13:35),Berlin-Lichtenberg
14:35,RB 61200,Werneuchen (ab 14:04),Berlin-Lichtenberg
14:45,RB 18320,Blankenfelde(Teltow-Fläming) (ab 14:09),Berlin-Lichtenberg
14:51,RB 61121,Berlin Ostkreuz (ab 14:48),Berlin-Lichtenberg
14:56,RB 61120,Templin Stadt (ab 13:33),Berlin-Lichtenberg
15:06,RB 61236,Werneuchen (ab 14:34),Berlin-Lichtenberg
15:15,RB 22737,Tübingen Hbf (ab 07:41),Berlin-Lichtenberg
15:51,RB 61123,Berlin Ostkreuz (ab 15:48),Berlin-Lichtenberg
15:56,RB 61122,Templin Stadt (ab 14:33),Berlin-Lichtenberg
16:51,RB 61125,Berlin Ostkreuz (ab 16:48),Berlin-Lichtenberg
16:56,RB 61124,Templin Stadt (ab 15:33),Berlin-Lichtenberg
17:15,RB 18327,Eberswalde Hbf (ab 16:35),Berlin-Lichtenberg
17:45,RB 18326,Blankenfelde(Teltow-Fläming) (ab 17:09),Berlin-Lichtenberg
17:51,RB 61127,Berlin Ostkreuz (ab 17:48),Berlin-Lichtenberg
17:56,RB 61126,Templin Stadt (ab 16:33),Berlin-Lichtenberg
18:06,RB 61242,Werneuchen (ab 17:34),Berlin-Lichtenberg
18:06,RB 61445,Müncheberg(Mark) (ab 17:25),Berlin-Lichtenberg
18:15,RB 18329,Eberswalde Hbf (ab 17:35),Berlin-Lichtenberg
18:45,RB 18328,Blankenfelde(Teltow-Fläming) (ab 18:09),Berlin-Lichtenberg
18:56,RB 61128,Templin Stadt (ab 17:33),Berlin-Lichtenberg
19:35,RB 61210,Werneuchen (ab 19:04),Berlin-Lichtenberg
19:56,RB 61130,Templin Stadt (ab 18:33),Berlin-Lichtenberg
20:06,RB 61246,Werneuchen (ab 19:34),Berlin-Lichtenberg
20:06,RB 61449,Müncheberg(Mark) (ab 19:25),Berlin-Lichtenberg
20:15,RB 18333,Eberswalde Hbf (ab 19:35),Berlin-Lichtenberg
20:45,RB 18332,Blankenfelde(Teltow-Fläming) (ab 20:09),Berlin-Lichtenberg
21:04,EC 431,Jaworzno Szczakowa (ab 05:57),Berlin-Lichtenberg
22:07,RE 3134,Hennigsdorf(b Berlin) (ab 20:35),Berlin-Lichtenberg
23:10,RE 73747,Magdeburg Hbf (ab 20:54),Berlin-Lichtenberg
