Ankunft,Zugnr.,von (Abfahrt),Ankunftsbhf.
00:00,RE 73750,Magdeburg Hbf (ab 22:06),Berlin Friedrichstr
00:24 (+1),RE 3745,Senftenberg (ab 22:26),Berlin Friedrichstr
00:30,FEX19878,Flughafen BER (ab 00:02),Berlin Friedrichstr
00:36,RE 73797,Frankfurt(Oder) (ab 23:24),Berlin Friedrichstr
00:43,RE 62038,Wustermark (ab 00:02),Berlin Friedrichstr
00:46,RE 3141,Cottbus Hbf (ab 22:56),Berlin Friedrichstr
00:56,RE 3140,Hennigsdorf(b Berlin) (ab 00:04),Berlin Friedrichstr
01:07,RE 3742,Potsdam Medienstadt Babelsberg (ab 00:38),Berlin Friedrichstr
01:10,RE 62041,Flughafen BER (ab 00:40),Berlin Friedrichstr
01:25,RE 73794,Magdeburg Hbf (ab 23:21),Berlin Friedrichstr
01:36,RE 73753,Frankfurt(Oder) (ab 00:24),Berlin Friedrichstr
01:50,RE 62042,Wustermark (ab 01:10),Berlin Friedrichstr
02:09,RE 62047,Flughafen BER (ab 01:39),Berlin Friedrichstr
02:15,RE 3701,Berlin Ostkreuz (ab 02:04),Berlin Friedrichstr
02:40,RE 73798,Magdeburg Hbf (ab 00:42),Berlin Friedrichstr
02:48,RE 62046,Wustermark (ab 02:10),Berlin Friedrichstr
03:08,RE 62043,Flughafen BER (ab 02:39),Berlin Friedrichstr
03:48,RE 62044,Wustermark (ab 03:08),Berlin Friedrichstr
04:11,RE 62001,Flughafen BER (ab 03:42),Berlin Friedrichstr
04:13,RE 73752,Brandenburg Hbf (ab 03:15),Berlin Friedrichstr
04:35,RE 73800,Berlin-Charlottenburg (ab 04:23),Berlin Friedrichstr
04:43,RE 62048,Wustermark (ab 04:07),Berlin Friedrichstr
04:56,RE 73717,Frankfurt(Oder) (ab 03:41),Berlin Friedrichstr
05:09,RE 3707,Lübbenau(Spreewald) (ab 03:53),Berlin Friedrichstr
05:14,RE 62003,Flughafen BER (ab 04:44),Berlin Friedrichstr
05:16,RE 73754,Brandenburg Hbf (ab 04:17),Berlin Friedrichstr
05:25,RE 3102,Berlin-Charlottenburg (ab 05:13),Berlin Friedrichstr
05:32,RE 3103,Cottbus Hbf (ab 04:01),Berlin Friedrichstr
05:35,RE 62000,Wustermark (ab 04:59),Berlin Friedrichstr
05:36,RE 73759,Frankfurt(Oder) (ab 04:24),Berlin Friedrichstr
05:49,RE 3704,Potsdam Medienstadt Babelsberg (ab 05:20),Berlin Friedrichstr
05:56,RE 73719,Frankfurt(Oder) (ab 04:44),Berlin Friedrichstr
06:16,RE 73756,Magdeburg Hbf (ab 04:19),Berlin Friedrichstr
06:25,RE 3104,Hennigsdorf(b Berlin) (ab 05:34),Berlin Friedrichstr
06:32,RE 3105,Cottbus Hbf (ab 05:01),Berlin Friedrichstr
06:36,RE 73761,Frankfurt(Oder) (ab 05:26),Berlin Friedrichstr
06:48,RE 3706,Potsdam Medienstadt Babelsberg (ab 06:20),Berlin Friedrichstr
06:56,RE 73721,Frankfurt(Oder) (ab 05:55),Berlin Friedrichstr
07:01,RE 73716,Magdeburg Hbf (ab 05:12),Berlin Friedrichstr
07:09,RE 3711,Senftenberg (ab 05:11),Berlin Friedrichstr
07:16,RE 73758,Brandenburg Hbf (ab 06:19),Berlin Friedrichstr
07:25,RE 3106,Hennigsdorf(b Berlin) (ab 06:34),Berlin Friedrichstr
07:36,RE 73763,Frankfurt(Oder) (ab 06:26),Berlin Friedrichstr
07:43,RE 62004,Elstal (ab 07:07),Berlin Friedrichstr
07:48,RE 3708,Potsdam Medienstadt Babelsberg (ab 07:20),Berlin Friedrichstr
07:56,RE 73723,Frankfurt(Oder) (ab 06:55),Berlin Friedrichstr
08:01,RE 73718,Magdeburg Hbf (ab 06:12),Berlin Friedrichstr
08:09,RE 3713,Berlin Ostbahnhof (ab 08:02),Berlin Friedrichstr
08:16,RE 73760,Brandenburg Hbf (ab 07:19),Berlin Friedrichstr
08:25,RE 3108,Hennigsdorf(b Berlin) (ab 07:34),Berlin Friedrichstr
08:32,RE 3109,Cottbus Hbf (ab 07:03),Berlin Friedrichstr
08:36,RE 73765,Frankfurt(Oder) (ab 07:26),Berlin Friedrichstr
08:48,RE 3710,Potsdam Medienstadt Babelsberg (ab 08:20),Berlin Friedrichstr
08:56,RE 73725,Frankfurt(Oder) (ab 07:55),Berlin Friedrichstr
09:03,RE 73720,Magdeburg Hbf (ab 07:12),Berlin Friedrichstr
09:09,RE 3715,Senftenberg (ab 07:14),Berlin Friedrichstr
09:16,RE 73762,Brandenburg Hbf (ab 08:19),Berlin Friedrichstr
09:29,RE 3110,Hennigsdorf(b Berlin) (ab 08:35),Berlin Friedrichstr
09:32,RE 3111,Cottbus Hbf (ab 08:04),Berlin Friedrichstr
09:36,RE 73767,Frankfurt(Oder) (ab 08:26),Berlin Friedrichstr
09:48,RE 3712,Potsdam Medienstadt Babelsberg (ab 09:20),Berlin Friedrichstr
09:56,RE 73727,Frankfurt(Oder) (ab 08:55),Berlin Friedrichstr
10:00,RE 73722,Magdeburg Hbf (ab 08:12),Berlin Friedrichstr
10:08,RE 18768,Berlin-Charlottenburg (ab 09:55),Berlin Friedrichstr
10:16,RE 73764,Brandenburg Hbf (ab 09:19),Berlin Friedrichstr
10:29,RE 3112,Berlin-Spandau (ab 10:04),Berlin Friedrichstr
10:36,RE 73769,Frankfurt(Oder) (ab 09:26),Berlin Friedrichstr
10:48,RE 3714,Potsdam Medienstadt Babelsberg (ab 10:20),Berlin Friedrichstr
10:56,RE 73729,Frankfurt(Oder) (ab 09:55),Berlin Friedrichstr
11:01,RE 73724,Magdeburg Hbf (ab 09:12),Berlin Friedrichstr
11:09 (+4),RE 3719,Senftenberg (ab 09:14),Berlin Friedrichstr
11:16,RE 73766,Brandenburg Hbf (ab 10:19),Berlin Friedrichstr
11:29,RE 3114,Berlin-Spandau (ab 11:04),Berlin Friedrichstr
11:32,RE 3115,Cottbus Hbf (ab 10:04),Berlin Friedrichstr
11:36,RE 73771,Frankfurt(Oder) (ab 10:26),Berlin Friedrichstr
11:48,RE 3716,Potsdam Medienstadt Babelsberg (ab 11:20),Berlin Friedrichstr
11:56,RE 73731,Frankfurt(Oder) (ab 10:55),Berlin Friedrichstr
12:01,RE 73726,Magdeburg Hbf (ab 10:12),Berlin Friedrichstr
12:29,RE 3116,Berlin-Spandau (ab 12:04),Berlin Friedrichstr
12:32,RE 3117,Cottbus Hbf (ab 11:04),Berlin Friedrichstr
12:36,RE 73773,Frankfurt(Oder) (ab 11:26),Berlin Friedrichstr
12:48,RE 3718,Potsdam Medienstadt Babelsberg (ab 12:20),Berlin Friedrichstr
12:56,RE 73733,Frankfurt(Oder) (ab 11:55),Berlin Friedrichstr
13:01,RE 73728,Magdeburg Hbf (ab 11:12),Berlin Friedrichstr
13:09,RE 3723,Senftenberg (ab 11:14),Berlin Friedrichstr
13:16,RE 73770,Brandenburg Hbf (ab 12:19),Berlin Friedrichstr
13:29,RE 3118,Berlin-Spandau (ab 13:04),Berlin Friedrichstr
13:32,RE 3119,Cottbus Hbf (ab 12:04),Berlin Friedrichstr
13:36,RE 73775,Frankfurt(Oder) (ab 12:26),Berlin Friedrichstr
13:48,RE 3720,Potsdam Medienstadt Babelsberg (ab 13:20),Berlin Friedrichstr
13:56,RE 73735,Frankfurt(Oder) (ab 12:55),Berlin Friedrichstr
14:01,RE 73730,Magdeburg Hbf (ab 12:12),Berlin Friedrichstr
14:16,RE 73772,Brandenburg Hbf (ab 13:19),Berlin Friedrichstr
14:29,RE 3120,Berlin-Spandau (ab 14:04),Berlin Friedrichstr
14:32,RE 3121,Cottbus Hbf (ab 13:04),Berlin Friedrichstr
14:36,RE 73777,Frankfurt(Oder) (ab 13:26),Berlin Friedrichstr
14:48,RE 3722,Potsdam Medienstadt Babelsberg (ab 14:20),Berlin Friedrichstr
15:01,RE 73732,Magdeburg Hbf (ab 13:12),Berlin Friedrichstr
15:09 (+9),RE 3727,Senftenberg (ab 13:14),Berlin Friedrichstr
15:16,RE 73774,Brandenburg Hbf (ab 14:19),Berlin Friedrichstr
15:29,RE 3122,Berlin-Spandau (ab 15:04),Berlin Friedrichstr
15:32,RE 3123,Cottbus Hbf (ab 14:04),Berlin Friedrichstr
15:36,RE 73779,Frankfurt(Oder) (ab 14:26),Berlin Friedrichstr
15:43,RE 62020,Elstal (ab 15:07),Berlin Friedrichstr
15:45,RB 56938,Flughafen BER (ab 15:14),Berlin Friedrichstr
15:48,RE 3724,Potsdam Medienstadt Babelsberg (ab 15:20),Berlin Friedrichstr
15:56,RE 73739,Frankfurt(Oder) (ab 14:55),Berlin Friedrichstr
16:01,RE 73734,Magdeburg Hbf (ab 14:12),Berlin Friedrichstr
16:09 (+9),RE 3729,Senftenberg (ab 14:14),Berlin Friedrichstr
16:14,RE 62025,Flughafen BER (ab 15:44),Berlin Friedrichstr
16:16,RE 73776,Brandenburg Hbf (ab 15:19),Berlin Friedrichstr
16:29,RE 3124,Hennigsdorf(b Berlin) (ab 15:34),Berlin Friedrichstr
16:32,RE 3125,Cottbus Hbf (ab 15:04),Berlin Friedrichstr
16:36,RE 73781,Frankfurt(Oder) (ab 15:26),Berlin Friedrichstr
16:48,RE 3726,Potsdam Medienstadt Babelsberg (ab 16:20),Berlin Friedrichstr
16:56,RE 73741,Frankfurt(Oder) (ab 15:55),Berlin Friedrichstr
17:01,RE 73736,Magdeburg Hbf (ab 15:12),Berlin Friedrichstr
17:09 (+1),RE 3731,Senftenberg (ab 15:14),Berlin Friedrichstr
17:14,RE 62027,Flughafen BER (ab 16:44),Berlin Friedrichstr
17:16,RE 73778,Brandenburg Hbf (ab 16:19),Berlin Friedrichstr
17:29,RE 3126,Hennigsdorf(b Berlin) (ab 16:35),Berlin Friedrichstr
17:32,RE 3127,Cottbus Hbf (ab 16:04),Berlin Friedrichstr
17:36,RE 73783,Frankfurt(Oder) (ab 16:26),Berlin Friedrichstr
17:43,RE 62024,Elstal (ab 17:07),Berlin Friedrichstr
17:48,RE 3728,Potsdam Medienstadt Babelsberg (ab 17:20),Berlin Friedrichstr
17:56,RE 73743,Frankfurt(Oder) (ab 16:55),Berlin Friedrichstr
18:01,RE 73738,Magdeburg Hbf (ab 16:12),Berlin Friedrichstr
18:09 (+3),RE 3733,Senftenberg (ab 16:14),Berlin Friedrichstr
18:14,RE 62029,Flughafen BER (ab 17:44),Berlin Friedrichstr
18:16,RE 73780,Brandenburg Hbf (ab 17:19),Berlin Friedrichstr
18:29,RE 3128,Hennigsdorf(b Berlin) (ab 17:34),Berlin Friedrichstr
18:32,RE 3129,Cottbus Hbf (ab 17:04),Berlin Friedrichstr
18:36,RE 73785,Frankfurt(Oder) (ab 17:26),Berlin Friedrichstr
18:43,RE 62026,Elstal (ab 18:07),Berlin Friedrichstr
18:48,RE 3730,Potsdam Medienstadt Babelsberg (ab 18:20),Berlin Friedrichstr
18:49,RE 18769,Kunersdorf (ab 17:12),Berlin Friedrichstr
18:56,RE 73745,Frankfurt(Oder) (ab 17:55),Berlin Friedrichstr
19:01,RE 73740,Magdeburg Hbf (ab 17:12),Berlin Friedrichstr
19:09 (+7),RE 3735,Senftenberg (ab 17:14),Berlin Friedrichstr
19:29,RE 3130,Hennigsdorf(b Berlin) (ab 18:35),Berlin Friedrichstr
19:32,RE 3131,Cottbus Hbf (ab 18:04),Berlin Friedrichstr
19:36,RE 73787,Frankfurt(Oder) (ab 18:26),Berlin Friedrichstr
19:48,RE 3732,Potsdam Medienstadt Babelsberg (ab 19:20),Berlin Friedrichstr
19:56,RE 73747,Frankfurt(Oder) (ab 18:55),Berlin Friedrichstr
20:01,RE 73742,Magdeburg Hbf (ab 18:12),Berlin Friedrichstr
20:09 (+14),RE 3737,Senftenberg (ab 18:14),Berlin Friedrichstr
20:16,RE 73784,Brandenburg Hbf (ab 19:19),Berlin Friedrichstr
20:29,RE 3132,Hennigsdorf(b Berlin) (ab 19:34),Berlin Friedrichstr
20:31,RE 3133,Cottbus Hbf (ab 19:04),Berlin Friedrichstr
20:36,RE 73789,Frankfurt(Oder) (ab 19:26),Berlin Friedrichstr
20:56,RE 73749,Frankfurt(Oder) (ab 19:55),Berlin Friedrichstr
21:01,RE 73744,Magdeburg Hbf (ab 19:12),Berlin Friedrichstr
21:09 (+16),RE 3739,Senftenberg (ab 19:14),Berlin Friedrichstr
21:16,RE 73786,Brandenburg Hbf (ab 20:19),Berlin Friedrichstr
21:29,RE 3134,Hennigsdorf(b Berlin) (ab 20:34),Berlin Friedrichstr
21:32,RE 3135,Cottbus Hbf (ab 20:04),Berlin Friedrichstr
21:36,RE 73791,Frankfurt(Oder) (ab 20:26),Berlin Friedrichstr
21:43,RE 62032,Elstal (ab 21:07),Berlin Friedrichstr
21:48,RE 3736,Potsdam Medienstadt Babelsberg (ab 21:20),Berlin Friedrichstr
22:01,RE 73746,Magdeburg Hbf (ab 20:12),Berlin Friedrichstr
22:11,RE 3741,Senftenberg (ab 20:14),Berlin Friedrichstr
22:16,RE 62037,Flughafen BER (ab 21:44),Berlin Friedrichstr
22:16,RE 73788,Brandenburg Hbf (ab 21:19),Berlin Friedrichstr
22:32,RE 3137,Cottbus Hbf (ab 21:04),Berlin Friedrichstr
22:36,RE 73793,Frankfurt(Oder) (ab 21:24),Berlin Friedrichstr
22:43,RE 62034,Elstal (ab 22:07),Berlin Friedrichstr
22:45,RB 18174,Flughafen BER (ab 22:14),Berlin Friedrichstr
22:48,RE 3738,Potsdam Medienstadt Babelsberg (ab 22:20),Berlin Friedrichstr
22:53,RE 3136,Hennigsdorf(b Berlin) (ab 22:02),Berlin Friedrichstr
22:57,RE 73827,Fürstenwalde(Spree) (ab 22:13),Berlin Friedrichstr
22:58,RE 73748,Magdeburg Hbf (ab 21:06),Berlin Friedrichstr
23:09,RE 3743,Berlin Ostbahnhof (ab 23:02),Berlin Friedrichstr
23:14,RE 62039,Flughafen BER (ab 22:44),Berlin Friedrichstr
23:30 (+14),RE 3139,Cottbus Hbf (ab 22:03),Berlin Friedrichstr
23:36,RE 73795,Frankfurt(Oder) (ab 22:24),Berlin Friedrichstr
23:43,RE 62036,Wustermark (ab 23:04),Berlin Friedrichstr
23:48,RE 3740,Potsdam Medienstadt Babelsberg (ab 23:20),Berlin Friedrichstr
23:53 (+28),RE 3138,Hennigsdorf(b Berlin) (ab 23:04),Berlin Friedrichstr
23:58,RE 73829,Frankfurt(Oder) (ab 22:55),Berlin Friedrichstr
