Abfahrt,Zugnr.,nach (Ankunft),Abfahrtsbhf.
00:10 (+47),ICE 947,Berlin Ostbahnhof (an 00:36),Berlin-Spandau
00:10 (+47),ICE 957,Berlin Ostbahnhof (an 00:36),Berlin-Spandau
00:23,RB 92052,Berlin Gesundbrunnen (an 00:37),Berlin-Spandau
00:23,RE 92306,Berlin Gesundbrunnen (an 00:40),Berlin-Spandau
01:05,RE 3165,Nennhausen (an 01:46),Berlin-Spandau
01:14 Ausfall,ICE 1707,Berlin Ostbahnhof (an 01:40),Berlin-Spandau
01:14 (+1),ICE 2939,Berlin Ostbahnhof (an 01:40),Berlin-Spandau
01:38,RB 62087,Berlin Hbf (an 01:49),Berlin-Spandau
02:36,RB 62089,Berlin Hbf (an 02:47),Berlin-Spandau
02:36,RB 93389,Berlin Gesundbrunnen (an 02:54),Berlin-Spandau
03:33,RB 62091,Berlin Hbf (an 03:44),Berlin-Spandau
04:30,RB 18241,Potsdam Hbf (an 05:23),Berlin-Spandau
04:35,RE 62040,Elsterwerda (an 06:29),Berlin-Spandau
04:39 (+2),ICE 646,Essen Hbf (an 08:40),Berlin-Spandau
04:46 (+1),ICE 277,Chur (an 14:22),Berlin-Spandau
04:48,ICE 1706,Hamburg Hbf (an 07:11),Berlin-Spandau
04:54,RE 3144,Falkenberg(Elster) (an 06:44),Berlin-Spandau
05:06,RE 3145,Stendal Hbf (an 06:13),Berlin-Spandau
05:07,RE 3102,Cottbus Hbf (an 06:56),Berlin-Spandau
05:22,RE 62000,Elsterwerda (an 07:15),Berlin-Spandau
05:28,RB 18240,Berlin Gesundbrunnen (an 05:40),Berlin-Spandau
05:30,RB 18243,Potsdam Hbf (an 06:23),Berlin-Spandau
05:46 (+6),ICE 946,Essen Hbf (an 09:37),Berlin-Spandau
05:46 (+6),ICE 956,Düsseldorf Hbf (an 10:04),Berlin-Spandau
05:51 (+11),ICE 1158,Bonn Hbf (an 10:08),Berlin-Spandau
05:54,RE 3164,Jüterbog (an 06:54),Berlin-Spandau
05:56,RE 3103,Hennigsdorf(b Berlin) (an 06:23),Berlin-Spandau
05:57,ICE 608,Hamburg Hbf (an 08:15),Berlin-Spandau
06:01,RB 62051,Rangsdorf (an 06:38),Berlin-Spandau
06:06,RE 3167,Stendal Hbf (an 07:13),Berlin-Spandau
06:07,RE 3104,Cottbus Hbf (an 07:57),Berlin-Spandau
06:22 (+4),RB 14754,Dortmund Hbf (an 07:21),Berlin-Spandau
06:22,RE 62002,Elsterwerda (an 08:31),Berlin-Spandau
06:26 (+9),ICE 240,Utrecht Centraal (an 11:41),Berlin-Spandau
06:28,RB 18242,Berlin Gesundbrunnen (an 06:40),Berlin-Spandau
06:30,RB 18245,Potsdam Hbf (an 07:23),Berlin-Spandau
06:37,ICE 210,Frankfurt(Main)Hbf (an 15:44),Berlin-Spandau
06:37,RE 62005,Elstal (an 06:49),Berlin-Spandau
06:46 (+1),ICE 279,Interlaken Ost (an 15:59),Berlin-Spandau
06:48 Ausfall,ICE 1704,Hamburg Hbf (an 09:11),Berlin-Spandau
06:54,RE 3146,Falkenberg(Elster) (an 08:44),Berlin-Spandau
06:56,RE 3105,Hennigsdorf(b Berlin) (an 07:23),Berlin-Spandau
06:59 (+2),ICE 644,Salzburg Hbf (an 15:49),Berlin-Spandau
07:01,RB 62053,Rangsdorf (an 07:38),Berlin-Spandau
07:06,RE 3147,Rathenow (an 07:52),Berlin-Spandau
07:07,RE 3106,Cottbus Hbf (an 08:56),Berlin-Spandau
07:17 Ausfall,ICE 1705,Berlin Hbf (an 07:34),Berlin-Spandau
07:22,RE 62004,Elsterwerda (an 09:14),Berlin-Spandau
07:30,RB 18244,Berlin Gesundbrunnen (an 07:48),Berlin-Spandau
07:30,RB 18247,Potsdam Hbf (an 08:23),Berlin-Spandau
07:33,ICE 649,Berlin Ostbahnhof (an 08:03),Berlin-Spandau
07:41,RE 62007,Elstal (an 07:53),Berlin-Spandau
07:49 (+1),ICE 606,Hamburg-Altona (an 10:24),Berlin-Spandau
07:54,RE 3166,Jüterbog (an 08:54),Berlin-Spandau
07:59 (+41),ICE 851,Berlin Ostbahnhof (an 08:28),Berlin-Spandau
07:59 (+4),ICE 944,Essen Hbf (an 11:37),Berlin-Spandau
07:59 (+4),ICE 954,Düsseldorf Wehrhahn (an 12:04),Berlin-Spandau
08:01,RB 62055,Berlin Südkreuz (an 08:21),Berlin-Spandau
08:06,RE 3169,Stendal Hbf (an 09:30),Berlin-Spandau
08:07,ICE 505,München Hbf (an 13:02),Berlin-Spandau
08:07,RE 3108,Cottbus Hbf (an 09:55),Berlin-Spandau
08:12 Ausfall,ICE 1131,Saarbrücken Hbf (an 14:17),Berlin-Spandau
08:22,RE 62006,Elsterwerda (an 10:31),Berlin-Spandau
08:26 (+19),ICE 148,Utrecht Centraal (an 13:41),Berlin-Spandau
08:27,RB 18246,Berlin Gesundbrunnen (an 08:40),Berlin-Spandau
08:30,RB 18249,Potsdam Hbf (an 09:23),Berlin-Spandau
08:34 (+12),ICE 2817,Mannheim Hbf (an 14:30),Berlin-Spandau
08:34 (+16),ICE 841,Berlin Ostbahnhof (an 09:03),Berlin-Spandau
08:37 (+1),ICE 118,Münster(Westf)Hbf (an 20:46),Berlin-Spandau
08:42 Ausfall,ICE 1702,Hamburg Hbf (an 11:12),Berlin-Spandau
08:46 (+2),ICE 371,Basel SBB (an 15:48),Berlin-Spandau
08:50,DRF 1320,Köln Hbf (an 13:49),Berlin-Spandau
08:54,RE 3148,Falkenberg(Elster) (an 10:44),Berlin-Spandau
08:59 (+18),ICE 541,Berlin Ostbahnhof (an 09:28),Berlin-Spandau
08:59 (+3),ICE 642,Essen Hbf (an 12:38),Berlin-Spandau
09:01,RB 62057,Berlin Südkreuz (an 09:21),Berlin-Spandau
09:06,RE 3149,Rathenow (an 09:54),Berlin-Spandau
09:07,RE 3110,Cottbus Hbf (an 10:56),Berlin-Spandau
09:17 Ausfall,ICE 1901,Berlin Hbf (an 09:34),Berlin-Spandau
09:22,RE 62008,Baruth(Mark) (an 10:36),Berlin-Spandau
09:25,ICE 2800,Berlin Ostbahnhof (an 09:51),Berlin-Spandau
09:25,ICE 676,Berlin Ostbahnhof (an 09:51),Berlin-Spandau
09:28,RB 18248,Berlin Gesundbrunnen (an 09:40),Berlin-Spandau
09:29,RB 18251,Potsdam Hbf (an 10:23),Berlin-Spandau
09:32 Ausfall,ICE 741,Berlin Hbf (an 09:41),Berlin-Spandau
09:43,RE 62011,Elstal (an 09:55),Berlin-Spandau
09:48 (+1),ICE 604,Hamburg-Altona (an 12:24),Berlin-Spandau
09:54,RE 3168,Jüterbog (an 10:54),Berlin-Spandau
09:56,RE 3111,Hennigsdorf(b Berlin) (an 10:23),Berlin-Spandau
09:59 (+44),ICE 843,Berlin Ostbahnhof (an 10:29),Berlin-Spandau
09:59 (+44),ICE 853,Berlin Ostbahnhof (an 10:29),Berlin-Spandau
09:59 (+1),ICE 942,Essen Hbf (an 13:37),Berlin-Spandau
09:59 (+1),ICE 952,Düsseldorf Hbf (an 14:04),Berlin-Spandau
10:00,RB 62059,Berlin Südkreuz (an 10:22),Berlin-Spandau
10:05,RE 3112,Cottbus Hbf (an 11:55),Berlin-Spandau
10:06 (+2),ICE 1155,Berlin Südkreuz (an 10:24),Berlin-Spandau
10:06,RE 3171,Stendal Hbf (an 11:30),Berlin-Spandau
10:07 (+6),ICE 507,München Hbf (an 15:03),Berlin-Spandau
10:19,RE 62010,Elsterwerda (an 12:31),Berlin-Spandau
10:26 (+12),ICE 146,Utrecht Centraal (an 15:41),Berlin-Spandau
10:28,RB 18250,Berlin Gesundbrunnen (an 10:40),Berlin-Spandau
10:30,RB 18253,Potsdam Hbf (an 11:23),Berlin-Spandau
10:37,RE 62013,Elstal (an 10:49),Berlin-Spandau
10:38,ICE 116,Frankfurt(Main)Hbf (an 19:44),Berlin-Spandau
10:45 (+4),ICE 373,Chur (an 20:22),Berlin-Spandau
10:49 Ausfall,ICE 1700,Hamburg Hbf (an 13:12),Berlin-Spandau
10:54,RE 3150,Falkenberg(Elster) (an 12:44),Berlin-Spandau
10:56,RE 3113,Hennigsdorf(b Berlin) (an 11:23),Berlin-Spandau
10:59 (+28),ICE 543,Berlin Ostbahnhof (an 11:28),Berlin-Spandau
10:59 (+3),ICE 640,Essen Hbf (an 14:38),Berlin-Spandau
11:01,RB 62061,Berlin Südkreuz (an 11:21),Berlin-Spandau
11:06,RE 3151,Rathenow (an 11:54),Berlin-Spandau
11:07,RE 3114,Cottbus Hbf (an 12:56),Berlin-Spandau
11:17,ICE 1903,Berlin Hbf (an 11:33),Berlin-Spandau
11:22,RE 62012,Baruth(Mark) (an 12:36),Berlin-Spandau
11:24,ICE 378,Berlin Ostbahnhof (an 11:50),Berlin-Spandau
11:28,RB 18252,Berlin Gesundbrunnen (an 11:40),Berlin-Spandau
11:30,RB 18255,Potsdam Hbf (an 12:23),Berlin-Spandau
11:32 (+19),ICE 141,Berlin Hbf (an 11:41),Berlin-Spandau
11:43,RE 62015,Elstal (an 11:53),Berlin-Spandau
11:47,ICE 1138,Berlin Südkreuz (an 12:09),Berlin-Spandau
11:48 (+5),ICE 602,Hamburg-Altona (an 14:24),Berlin-Spandau
11:52 (+5),ICE 1156,Bonn Hbf (an 16:18),Berlin-Spandau
11:54,RE 3170,Jüterbog (an 12:54),Berlin-Spandau
11:56,RE 3115,Hennigsdorf(b Berlin) (an 12:23),Berlin-Spandau
11:59 (+12),ICE 845,Berlin Ostbahnhof (an 12:28),Berlin-Spandau
11:59 (+12),ICE 855,Berlin Ostbahnhof (an 12:28),Berlin-Spandau
11:59 (+3),ICE 940,Essen Hbf (an 15:37),Berlin-Spandau
11:59 (+3),ICE 950,Düsseldorf Wehrhahn (an 16:04),Berlin-Spandau
12:01,RB 62063,Berlin Südkreuz (an 12:21),Berlin-Spandau
12:06,RE 3173,Stendal Hbf (an 13:30),Berlin-Spandau
12:07 (+39),ICE 2917,München Hbf (an 17:02),Berlin-Spandau
12:07 (+38),ICE 509,München Hbf (an 17:02),Berlin-Spandau
12:07,RE 3116,Cottbus Hbf (an 13:55),Berlin-Spandau
12:21,RE 62014,Elsterwerda (an 14:31),Berlin-Spandau
12:26 (+17),ICE 144,Utrecht Centraal (an 17:41),Berlin-Spandau
12:28,RB 18254,Berlin Gesundbrunnen (an 12:40),Berlin-Spandau
12:30,RB 18257,Potsdam Hbf (an 13:23),Berlin-Spandau
12:37,RE 62017,Elstal (an 12:49),Berlin-Spandau
12:40,ICE 1908,Hamburg Hbf (an 15:12),Berlin-Spandau
12:45 (+2),ICE 375,Interlaken Ost (an 22:00),Berlin-Spandau
12:48,DRF 1324,Köln Hbf (an 17:49),Berlin-Spandau
12:54,RE 3152,Falkenberg(Elster) (an 14:44),Berlin-Spandau
12:56,RE 3117,Hennigsdorf(b Berlin) (an 13:23),Berlin-Spandau
12:59 (+118),ICE 545,Berlin Ostbahnhof (an 13:28),Berlin-Spandau
12:59 (+3),ICE 548,Essen Hbf (an 16:39),Berlin-Spandau
13:01,RB 62065,Berlin Südkreuz (an 13:21),Berlin-Spandau
13:03,RB 62064,Wustermark (an 13:19),Berlin-Spandau
13:06,RE 3153,Rathenow (an 13:54),Berlin-Spandau
13:07,RE 3118,Cottbus Hbf (an 14:56),Berlin-Spandau
13:12,DRF 1321,Berlin Ostbahnhof (an 13:40),Berlin-Spandau
13:17 Ausfall,ICE 1905,Berlin Hbf (an 13:34),Berlin-Spandau
13:22,RE 62016,Elsterwerda (an 15:14),Berlin-Spandau
13:24,ICE 376,Berlin Ostbahnhof (an 13:50),Berlin-Spandau
13:28,RB 18256,Berlin Gesundbrunnen (an 13:40),Berlin-Spandau
13:30,RB 18259,Potsdam Hbf (an 14:23),Berlin-Spandau
13:32 (+46),ICE 143,Berlin Hbf (an 13:42),Berlin-Spandau
13:43,RE 62019,Elstal (an 13:55),Berlin-Spandau
13:48,ICE 2808,Salzwedel (an 15:01),Berlin-Spandau
13:48 (+3),ICE 600,Hamburg-Altona (an 16:24),Berlin-Spandau
13:54,RE 3172,Jüterbog (an 14:54),Berlin-Spandau
13:59 (+41),ICE 847,Berlin Ostbahnhof (an 14:28),Berlin-Spandau
13:59 (+2),ICE 848,Essen Hbf (an 17:37),Berlin-Spandau
13:59 (+41),ICE 857,Berlin Ostbahnhof (an 14:28),Berlin-Spandau
13:59 (+2),ICE 858,Düsseldorf Wehrhahn (an 18:04),Berlin-Spandau
14:01,RB 62067,Rangsdorf (an 14:39),Berlin-Spandau
14:03,RB 62066,Wustermark (an 14:18),Berlin-Spandau
14:06,RE 3175,Stendal Hbf (an 15:30),Berlin-Spandau
14:07 (+1),ICE 601,München Hbf (an 19:02),Berlin-Spandau
14:07,RE 3120,Cottbus Hbf (an 15:55),Berlin-Spandau
14:21,RB 62018,Elsterwerda (an 16:31),Berlin-Spandau
14:25 (+42),ICE 142,Utrecht Centraal (an 19:41),Berlin-Spandau
14:28,RB 18258,Berlin Gesundbrunnen (an 14:40),Berlin-Spandau
14:30,RB 18261,Potsdam Hbf (an 15:23),Berlin-Spandau
14:37,RE 62021,Elstal (an 14:49),Berlin-Spandau
14:37,RJ 112,München Hbf (an 19:41),Berlin-Spandau
14:40 Ausfall,ICE 1906,Hamburg Hbf (an 17:12),Berlin-Spandau
14:46 (+4),ICE 377,Brig (an 00:43),Berlin-Spandau
14:54,RE 3154,Falkenberg(Elster) (an 16:45),Berlin-Spandau
14:56,RE 3121,Hennigsdorf(b Berlin) (an 15:23),Berlin-Spandau
14:59 (+2),ICE 546,Essen Hbf (an 18:40),Berlin-Spandau
14:59 (+40),ICE 547,Berlin Ostbahnhof (an 15:28),Berlin-Spandau
15:01,RB 62069,Dahlewitz (an 15:34),Berlin-Spandau
15:03,RB 62068,Wustermark (an 15:18),Berlin-Spandau
15:06,RE 3155,Rathenow (an 15:54),Berlin-Spandau
15:07,RE 3122,Cottbus Hbf (an 16:55),Berlin-Spandau
15:17 Ausfall,ICE 1907,Berlin Hbf (an 15:34),Berlin-Spandau
15:22,RE 62020,Elsterwerda (an 17:15),Berlin-Spandau
15:24,ICE 374,Berlin Ostbahnhof (an 15:50),Berlin-Spandau
15:28,RB 18260,Berlin Gesundbrunnen (an 15:40),Berlin-Spandau
15:30,RB 18263,Potsdam Hbf (an 16:23),Berlin-Spandau
15:47,ICE 1134,Berlin Hbf (an 16:01),Berlin-Spandau
15:48 (+8),ICE 508,Hamburg-Altona (an 18:24),Berlin-Spandau
15:54,RE 3174,Jüterbog (an 16:55),Berlin-Spandau
15:59 (+1),ICE 846,Essen Hbf (an 19:37),Berlin-Spandau
15:59 (+24),ICE 849,Berlin Ostbahnhof (an 16:29),Berlin-Spandau
15:59 (+1),ICE 856,Düsseldorf Hbf (an 20:04),Berlin-Spandau
15:59 (+24),ICE 859,Berlin Ostbahnhof (an 16:29),Berlin-Spandau
16:00,RB 62071,Dahlewitz (an 16:35),Berlin-Spandau
16:05,RE 3124,Cottbus Hbf (an 17:56),Berlin-Spandau
16:06,RE 3177,Stendal Hbf (an 17:30),Berlin-Spandau
16:07 (+9),ICE 603,München Hbf (an 21:03),Berlin-Spandau
16:12 (+17),ICE 1157,Berlin Hbf (an 16:26),Berlin-Spandau
16:12 (+17),ICE 2913,Berlin Hbf (an 16:26),Berlin-Spandau
16:21,RE 62022,Elsterwerda (an 18:31),Berlin-Spandau
16:26 (+35),ICE 140,Amsterdam Centraal (an 21:56),Berlin-Spandau
16:28,RB 18262,Berlin Gesundbrunnen (an 16:40),Berlin-Spandau
16:30,RB 18265,Potsdam Hbf (an 17:23),Berlin-Spandau
16:33 (+7),ICE 1053,Berlin Hbf (an 16:42),Berlin-Spandau
16:37,RE 62025,Elstal (an 16:49),Berlin-Spandau
16:37,RJ 110,München Hbf (an 21:41),Berlin-Spandau
16:42 (+4),ICE 379,Karlsruhe Hbf (an 21:59),Berlin-Spandau
16:46,DRF 1328,Köln Hbf (an 21:50),Berlin-Spandau
16:49 Ausfall,ICE 1904,Hamburg-Altona (an 19:24),Berlin-Spandau
16:54,RE 3156,Falkenberg(Elster) (an 18:49),Berlin-Spandau
16:56,RE 3125,Hennigsdorf(b Berlin) (an 17:23),Berlin-Spandau
16:59 (+11),ICE 544,Köln Hbf (an 21:45),Berlin-Spandau
16:59 (+28),ICE 549,Berlin Ostbahnhof (an 17:28),Berlin-Spandau
17:01,RB 62073,Rangsdorf (an 17:38),Berlin-Spandau
17:03,RB 62072,Wustermark (an 17:18),Berlin-Spandau
17:06,RE 3157,Rathenow (an 17:54),Berlin-Spandau
17:07,RE 3126,Cottbus Hbf (an 18:55),Berlin-Spandau
17:12,DRF 1325,Leipzig Hbf (an 18:49),Berlin-Spandau
17:17 Ausfall,ICE 1909,Berlin Hbf (an 17:35),Berlin-Spandau
17:22,RE 62024,Elsterwerda (an 19:15),Berlin-Spandau
17:23 (+1),ICE 117,Graz Hbf (an 18:01),Berlin-Spandau
17:24 (+15),ICE 372,Berlin Ostbahnhof (an 17:50),Berlin-Spandau
17:28,RB 18264,Berlin Gesundbrunnen (an 17:40),Berlin-Spandau
17:30,RB 18267,Potsdam Hbf (an 18:23),Berlin-Spandau
17:32 (+1),ICE 147,Berlin Hbf (an 17:42),Berlin-Spandau
17:48 (+1),ICE 506,Hamburg Hbf (an 20:11),Berlin-Spandau
17:51 (+3),ICE 1154,Köln Hbf (an 21:45),Berlin-Spandau
17:51 (+1),ICE 2838,Köln Hbf (an 21:45),Berlin-Spandau
17:54,RE 3176,Jüterbog (an 18:54),Berlin-Spandau
17:56,RE 3127,Hennigsdorf(b Berlin) (an 18:23),Berlin-Spandau
17:59 (+2),ICE 844,Bergisch Gladbach (an 23:47),Berlin-Spandau
17:59 (+8),ICE 941,Berlin Ostbahnhof (an 18:29),Berlin-Spandau
17:59 (+8),ICE 951,Berlin Ostbahnhof (an 18:29),Berlin-Spandau
18:01,RB 62075,Berlin Südkreuz (an 18:21),Berlin-Spandau
18:03,RB 62074,Wustermark (an 18:18),Berlin-Spandau
18:07 (+15),ICE 605,München Hbf (an 23:02),Berlin-Spandau
18:07,RE 3128,Cottbus Hbf (an 19:55),Berlin-Spandau
18:07,RE 3179,Stendal Hbf (an 19:30),Berlin-Spandau
18:22,RE 62026,Elsterwerda (an 20:31),Berlin-Spandau
18:24 (+6),ICE 796,Berlin Ostbahnhof (an 18:49),Berlin-Spandau
18:26 (+18),ICE 742,Münster(Westf)Hbf (an 21:35),Berlin-Spandau
18:28,RB 18266,Berlin Gesundbrunnen (an 18:40),Berlin-Spandau
18:30,RB 18269,Potsdam Hbf (an 19:23),Berlin-Spandau
18:37,RE 62029,Elstal (an 18:49),Berlin-Spandau
18:40 Ausfall,ICE 1902,Hamburg-Altona (an 21:26),Berlin-Spandau
18:44 (+4),ICE 677,Karlsruhe Hbf (an 23:59),Berlin-Spandau
18:54,RE 3158,Falkenberg(Elster) (an 20:44),Berlin-Spandau
18:56,RE 3129,Hennigsdorf(b Berlin) (an 19:23),Berlin-Spandau
18:58,RE 26432,Rheydt Hbf (an 20:53),Berlin-Spandau
18:59 (+19),ICE 542,Köln Hbf (an 23:40),Berlin-Spandau
18:59 (+1),ICE 641,Berlin Ostbahnhof (an 19:28),Berlin-Spandau
19:01,RB 62077,Berlin Südkreuz (an 19:21),Berlin-Spandau
19:03,RB 62076,Wustermark (an 19:18),Berlin-Spandau
19:06,RE 3159,Rathenow (an 19:49),Berlin-Spandau
19:07,RE 3130,Cottbus Hbf (an 20:55),Berlin-Spandau
19:17 Ausfall,ICE 1701,Berlin Hbf (an 19:34),Berlin-Spandau
19:22,RE 62028,Berlin Südkreuz (an 19:49),Berlin-Spandau
19:24 (+3),ICE 370,Berlin Ostbahnhof (an 19:50),Berlin-Spandau
19:28,RB 18268,Berlin Gesundbrunnen (an 19:40),Berlin-Spandau
19:28,RE 89737,Minden(Westf) (an 23:30),Berlin-Spandau
19:30,RB 18271,Potsdam Hbf (an 20:26),Berlin-Spandau
19:40,ICE 119,Graz Hbf (an 19:56),Berlin-Spandau
19:41,RE 62031,Elstal (an 19:53),Berlin-Spandau
19:48 (+33),ICE 2804,Hamburg-Altona (an 22:24),Berlin-Spandau
19:48 (+32),ICE 504,Hamburg-Altona (an 22:24),Berlin-Spandau
19:50 Ausfall,ICE 1130,Berlin Südkreuz (an 20:09),Berlin-Spandau
19:54,RE 3178,Jüterbog (an 20:54),Berlin-Spandau
19:59 (+14),ICE 943,Berlin Ostbahnhof (an 20:28),Berlin-Spandau
19:59 (+14),ICE 953,Berlin Ostbahnhof (an 20:28),Berlin-Spandau
20:01,RB 62079,Berlin Südkreuz (an 20:24),Berlin-Spandau
20:06,RE 3181,Stendal Hbf (an 21:13),Berlin-Spandau
20:07 (+12),ICE 607,Nürnberg Hbf (an 23:53),Berlin-Spandau
20:07,RE 3132,Cottbus Hbf (an 21:56),Berlin-Spandau
20:15 (+18),ICE 2919,Berlin Ostbahnhof (an 20:41),Berlin-Spandau
20:22,RE 62030,Elsterwerda (an 22:31),Berlin-Spandau
20:24 (+35),ICE 740,Münster(Westf)Hbf (an 23:58),Berlin-Spandau
20:28,RB 18270,Berlin Gesundbrunnen (an 20:40),Berlin-Spandau
20:28,RE 89739,Bielefeld Hbf (an 23:59),Berlin-Spandau
20:30,RB 18273,Potsdam Hbf (an 21:23),Berlin-Spandau
20:33 (+6),ICE 1055,Berlin Gesundbrunnen Bhf (an 20:47),Berlin-Spandau
20:45 (+1),ICE 679,Kassel-Wilhelmshöhe (an 23:13),Berlin-Spandau
20:49,ICE 1900,Hamburg-Altona (an 23:24),Berlin-Spandau
20:52,ICE 540,Hannover Hbf (an 22:28),Berlin-Spandau
20:54,RE 3160,Berlin Südkreuz (an 21:15),Berlin-Spandau
20:58,RE 3133,Hennigsdorf(b Berlin) (an 21:25),Berlin-Spandau
20:58,RE 89898,Düsseldorf Hbf (an 22:12),Berlin-Spandau
20:59 (+49),ICE 643,Berlin Ostbahnhof (an 21:31),Berlin-Spandau
21:01,RB 62081,Berlin Südkreuz (an 21:21),Berlin-Spandau
21:06,RE 3161,Rathenow (an 21:52),Berlin-Spandau
21:07,RE 3134,Cottbus Hbf (an 22:55),Berlin-Spandau
21:12,DRF 1329,Dresden Hbf (an 23:08),Berlin-Spandau
21:17 Ausfall,ICE 1703,Berlin Südkreuz (an 21:39),Berlin-Spandau
21:22,RE 62032,Neuhof(b Zossen) (an 22:29),Berlin-Spandau
21:24,ICE 278,Berlin Ostbahnhof (an 21:51),Berlin-Spandau
21:28,RB 18272,Berlin Gesundbrunnen (an 21:40),Berlin-Spandau
21:30,RB 18275,Potsdam Hbf (an 22:23),Berlin-Spandau
21:32 (+27),ICE 241,Berlin Ostbahnhof (an 22:02),Berlin-Spandau
21:40 (+2),ICE 211,Graz Hbf (an 21:56),Berlin-Spandau
21:40,RE 62035,Elstal (an 21:53),Berlin-Spandau
21:47 (+1),ICE 502,Hamburg-Altona (an 00:38),Berlin-Spandau
21:54,RE 3180,Berlin Hbf (an 22:05),Berlin-Spandau
21:56,RE 3135,Hennigsdorf(b Berlin) (an 22:25),Berlin-Spandau
21:58 (+7),ICE 609,Erfurt Hbf (an 02:26),Berlin-Spandau
21:58,RE 89741,Dortmund Hbf (an 23:53),Berlin-Spandau
22:02 (+1),ICE 840,Hannover Hbf (an 23:46),Berlin-Spandau
22:04 (+29),ICE 945,Berlin Ostbahnhof (an 22:31),Berlin-Spandau
22:04 (+29),ICE 955,Berlin Ostbahnhof (an 22:31),Berlin-Spandau
22:06,RE 3183,Stendal Hbf (an 23:13),Berlin-Spandau
22:28,RE 89743,Dortmund Hbf (an 00:53),Berlin-Spandau
22:35,RB 93136,Berlin Ostbahnhof (an 23:03),Berlin-Spandau
22:37,RE 62037,Elstal (an 22:49),Berlin-Spandau
22:49,ICE 900,Hamburg-Altona (an 01:13),Berlin-Spandau
22:54,RE 3162,Berlin Hbf (an 23:05),Berlin-Spandau
22:56,RE 3137,Hennigsdorf(b Berlin) (an 23:25),Berlin-Spandau
22:59 (+7),ICE 645,Berlin Ostbahnhof (an 23:29),Berlin-Spandau
23:06 Ausfall,ICE 705,Berlin Hbf (an 23:19),Berlin-Spandau
23:18,ICE 276,Berlin Ostbahnhof (an 23:47),Berlin-Spandau
23:20,RE 3185,Stendal Hbf (an 00:18),Berlin-Spandau
23:20,RE 4,München Hbf (an 06:51),Berlin-Spandau
23:34,RE 3138,Cottbus Hbf (an 01:40),Berlin-Spandau
23:44 (+8),ICE 273,Zürich HB (an 10:00),Berlin-Spandau
23:54,RE 3182,Berlin Hbf (an 00:05),Berlin-Spandau
23:58 (+2),ICE 2937,Berlin Ostbahnhof (an 00:23),Berlin-Spandau
23:58 (+2),ICE 901,Berlin Ostbahnhof (an 00:23),Berlin-Spandau
23:58,RE 89742,Düsseldorf Hbf (an 01:05),Berlin-Spandau
23:58,RE 89745,Solingen Hbf (an 01:09),Berlin-Spandau
