Abfahrt,Zugnr.,nach (Ankunft),Abfahrtsbhf.
00:05,RE 3366,Großbeeren (an 23:55),Berlin-Lichterfelde Ost
00:56,RE 3,Greifswald (an 22:22),Berlin-Lichterfelde Ost
00:56,RE 3363,Halle(Saale)Hbf (an 03:12),Berlin-Lichterfelde Ost
01:47,RE 3362,Berlin Gesundbrunnen (an 02:13),Berlin-Lichterfelde Ost
05:03,RE 3302,Stralsund Hbf (an 08:45),Berlin-Lichterfelde Ost
05:03,RE 3340,Greifswald (an 08:19),Berlin-Lichterfelde Ost
05:22,RE 3144,Falkenberg(Elster) (an 06:44),Berlin-Lichterfelde Ost
05:37,RE 3167,Stendal Hbf (an 07:13),Berlin-Lichterfelde Ost
05:51,RE 3341,Luckenwalde (an 06:27),Berlin-Lichterfelde Ost
06:05,RE 3342,Eberswalde Hbf (an 07:02),Berlin-Lichterfelde Ost
06:20,RE 3164,Jüterbog (an 06:54),Berlin-Lichterfelde Ost
06:37,RE 3147,Rathenow (an 07:52),Berlin-Lichterfelde Ost
06:54,RE 3301,Lutherstadt Wittenberg Hbf (an 08:07),Berlin-Lichterfelde Ost
07:03,RE 3304,Stralsund Hbf (an 10:44),Berlin-Lichterfelde Ost
07:22,RE 3146,Falkenberg(Elster) (an 08:44),Berlin-Lichterfelde Ost
07:37,RE 3169,Stendal Hbf (an 09:30),Berlin-Lichterfelde Ost
07:51,RE 3343,Luckenwalde (an 08:27),Berlin-Lichterfelde Ost
08:05,RE 3344,Schwedt(Oder) (an 09:55),Berlin-Lichterfelde Ost
08:20,RE 3166,Jüterbog (an 08:54),Berlin-Lichterfelde Ost
08:37,RE 3149,Rathenow (an 09:54),Berlin-Lichterfelde Ost
08:54,RE 3303,Lutherstadt Wittenberg Hbf (an 10:07),Berlin-Lichterfelde Ost
09:03,RE 3306,Stralsund Hbf (an 12:44),Berlin-Lichterfelde Ost
09:22,RE 3148,Falkenberg(Elster) (an 10:44),Berlin-Lichterfelde Ost
09:37,RE 3171,Schorndorf (an 18:09),Berlin-Lichterfelde Ost
09:51,RE 3345,Luckenwalde (an 10:27),Berlin-Lichterfelde Ost
10:05,RE 3346,Schwedt(Oder) (an 11:55),Berlin-Lichterfelde Ost
10:20,RE 3168,Trebbin (an 10:37),Berlin-Lichterfelde Ost
10:37,RE 3151,Rathenow (an 11:54),Berlin-Lichterfelde Ost
10:54,RE 3305,Lutherstadt Wittenberg Hbf (an 12:07),Berlin-Lichterfelde Ost
11:03,RE 3308,Stralsund Hbf (an 14:44),Berlin-Lichterfelde Ost
11:22,RE 3150,Trebbin (an 11:38),Berlin-Lichterfelde Ost
11:51,RE 3347,Luckenwalde (an 12:27),Berlin-Lichterfelde Ost
12:06,RE 3348,Schwedt(Oder) (an 13:55),Berlin-Lichterfelde Ost
12:20,RE 3170,Trebbin (an 12:37),Berlin-Lichterfelde Ost
12:37,RE 3153,Nennhausen (an 13:41),Berlin-Lichterfelde Ost
12:54,RE 3307,Lutherstadt Wittenberg Hbf (an 14:07),Berlin-Lichterfelde Ost
13:03,RE 3310,Stralsund Hbf (an 16:44),Berlin-Lichterfelde Ost
13:22,RE 3152,Trebbin (an 13:38),Berlin-Lichterfelde Ost
13:37,RE 3175,Stendal Hbf (an 15:30),Berlin-Lichterfelde Ost
13:51,RE 3349,Luckenwalde (an 14:27),Berlin-Lichterfelde Ost
14:05,RE 3350,Schwedt(Oder) (an 15:55),Berlin-Lichterfelde Ost
14:20,RE 3172,Jüterbog (an 14:54),Berlin-Lichterfelde Ost
14:37,RE 3155,Berlin-Spandau (an 15:04),Berlin-Lichterfelde Ost
14:54,RE 3309,Lutherstadt Wittenberg Hbf (an 16:07),Berlin-Lichterfelde Ost
15:03,RE 3312,Stralsund Hbf (an 18:44),Berlin-Lichterfelde Ost
15:22,RE 3154,Thyrow (an 15:35),Berlin-Lichterfelde Ost
15:37,RE 3177,Stendal Hbf (an 17:30),Berlin-Lichterfelde Ost
15:51,RE 3351,Luckenwalde (an 16:27),Berlin-Lichterfelde Ost
16:05,RE 3352,Schwedt(Oder) (an 17:55),Berlin-Lichterfelde Ost
16:19,RE 3174,Thyrow (an 16:35),Berlin-Lichterfelde Ost
16:37,RE 3157,Berlin-Spandau (an 17:04),Berlin-Lichterfelde Ost
16:54,RE 3311,Lutherstadt Wittenberg Hbf (an 18:07),Berlin-Lichterfelde Ost
17:03,RE 3314,Stralsund Hbf (an 20:44),Berlin-Lichterfelde Ost
17:22,RE 3156,Falkenberg(Elster) (an 18:49),Berlin-Lichterfelde Ost
17:37,RE 3179,Stendal Hbf (an 19:30),Berlin-Lichterfelde Ost
17:51,RE 3353,Luckenwalde (an 18:27),Berlin-Lichterfelde Ost
18:05,RE 3354,Schwedt(Oder) (an 19:55),Berlin-Lichterfelde Ost
18:20,RE 3176,Jüterbog (an 18:54),Berlin-Lichterfelde Ost
18:37,RE 3159,Berlin-Spandau (an 19:04),Berlin-Lichterfelde Ost
18:54,RE 3313,Lutherstadt Wittenberg Hbf (an 20:07),Berlin-Lichterfelde Ost
19:03,RE 3316,Stralsund Hbf (an 22:49),Berlin-Lichterfelde Ost
19:22,RE 3158,Falkenberg(Elster) (an 20:44),Berlin-Lichterfelde Ost
19:37,RE 3181,Stendal Hbf (an 21:13),Berlin-Lichterfelde Ost
19:51,RE 3355,Luckenwalde (an 20:27),Berlin-Lichterfelde Ost
20:05,RE 3356,Schwedt(Oder) (an 21:55),Berlin-Lichterfelde Ost
20:20,RE 3178,Luckenwalde (an 20:46),Berlin-Lichterfelde Ost
20:37,RE 3161,Berlin-Spandau (an 21:04),Berlin-Lichterfelde Ost
20:53,RE 3315,Lutherstadt Wittenberg Hbf (an 22:07),Berlin-Lichterfelde Ost
21:03,RE 3318,Pasewalk (an 23:19),Berlin-Lichterfelde Ost
21:22,RE 3160,Jüterbog (an 21:56),Berlin-Lichterfelde Ost
21:38,RE 3183,Berlin Hbf (an 21:52),Berlin-Lichterfelde Ost
21:48,RE 3357,Luckenwalde (an 22:21),Berlin-Lichterfelde Ost
22:05,RE 3358,Schwedt(Oder) (an 23:56),Berlin-Lichterfelde Ost
22:20,RE 3180,Jüterbog (an 22:54),Berlin-Lichterfelde Ost
22:48,RE 3185,Berlin Hbf (an 23:03),Berlin-Lichterfelde Ost
22:54,RE 3317,Lutherstadt Wittenberg Hbf (an 00:08),Berlin-Lichterfelde Ost
23:49,RE 3359,Jüterbog (an 00:35),Berlin-Lichterfelde Ost
