Ankunft,Zugnr.,von (Abfahrt),Ankunftsbhf.
00:01,RB 61138,Templin Stadt (ab 22:33),Berlin Ostkreuz
00:01,RE 3138,Hennigsdorf(b Berlin) (ab 23:00),Berlin Ostkreuz
00:14,RE 73749,Genthin (ab 22:39),Berlin Ostkreuz
01:36,RE 73791,Magdeburg Hbf (ab 23:16),Berlin Ostkreuz
01:48,RE 3141,Rudersberg-Oberndorf (ab 10:19),Berlin Ostkreuz
04:20,RB 18301,Berlin-Lichtenberg (ab 04:17),Berlin Ostkreuz
04:44,RE 73716,Frankfurt(Oder) (ab 03:38),Berlin Ostkreuz
04:54,RE 3702,Bad Belzig (ab 03:41),Berlin Ostkreuz
04:56,RE 3707,Lübbenau(Spreewald) (ab 03:53),Berlin Ostkreuz
05:05,RE 73758,Frankfurt(Oder) (ab 04:15),Berlin Ostkreuz
05:18,RE 3103,Cottbus Hbf (ab 04:00),Berlin Ostkreuz
05:30,RE 73753,Brandenburg Hbf (ab 04:17),Berlin Ostkreuz
05:39,RB 18302,Blankenfelde(Teltow-Fläming) (ab 05:09),Berlin Ostkreuz
05:40,RE 3102,Hennigsdorf(b Berlin) (ab 04:33),Berlin Ostkreuz
05:42,RE 73718,Eisenhüttenstadt (ab 04:21),Berlin Ostkreuz
05:56,RE 3709,Senftenberg (Sachs) (ab 04:11),Berlin Ostkreuz
05:59,RE 3704,Dessau Hbf (ab 04:05),Berlin Ostkreuz
06:05,RE 73760,Frankfurt(Oder) (ab 05:08),Berlin Ostkreuz
06:18,RE 3105,Cottbus Hbf (ab 04:57),Berlin Ostkreuz
06:20,RB 18305,Eberswalde Hbf (ab 05:35),Berlin Ostkreuz
06:39,RB 18304,Blankenfelde(Teltow-Fläming) (ab 06:09),Berlin Ostkreuz
06:40,RE 3104,Hennigsdorf(b Berlin) (ab 05:35),Berlin Ostkreuz
06:42,RE 73720,Frankfurt(Oder) (ab 05:42),Berlin Ostkreuz
06:51,RE 73755,Brandenburg Hbf (ab 05:44),Berlin Ostkreuz
06:57,RE 3711,Senftenberg (ab 05:11),Berlin Ostkreuz
07:00,RE 3706,Dessau Hbf (ab 05:05),Berlin Ostkreuz
07:01,RB 61104,Templin Stadt (ab 05:33),Berlin Ostkreuz
07:05,RE 73762,Eisenhüttenstadt (ab 05:36),Berlin Ostkreuz
07:14,RE 73715,Magdeburg Hbf (ab 04:56),Berlin Ostkreuz
07:18,RE 3107,Cottbus Hbf (ab 06:07),Berlin Ostkreuz
07:20,RB 18307,Eberswalde Hbf (ab 06:35),Berlin Ostkreuz
07:39,RB 18306,Blankenfelde(Teltow-Fläming) (ab 07:09),Berlin Ostkreuz
07:40,RE 3106,Hennigsdorf(b Berlin) (ab 06:35),Berlin Ostkreuz
07:42,RE 73722,Frankfurt(Oder) (ab 06:42),Berlin Ostkreuz
07:51,RE 73757,Brandenburg Hbf (ab 06:44),Berlin Ostkreuz
07:56,RE 3713,Senftenberg (ab 06:14),Berlin Ostkreuz
08:00,RE 3708,Dessau Hbf (ab 06:05),Berlin Ostkreuz
08:01,RB 61106,Templin Stadt (ab 06:33),Berlin Ostkreuz
08:04,RE 73764,Eisenhüttenstadt (ab 06:20),Berlin Ostkreuz
08:14,RE 73717,Genthin (ab 06:44),Berlin Ostkreuz
08:18,RE 3109,Cottbus Hbf (ab 07:03),Berlin Ostkreuz
08:20,RB 18309,Eberswalde Hbf (ab 07:35),Berlin Ostkreuz
08:39,RB 18308,Blankenfelde(Teltow-Fläming) (ab 08:09),Berlin Ostkreuz
08:40,RE 3108,Hennigsdorf(b Berlin) (ab 07:35),Berlin Ostkreuz
08:42,RE 73724,Frankfurt(Oder) (ab 07:41),Berlin Ostkreuz
08:51,RE 73759,Brandenburg Hbf (ab 07:44),Berlin Ostkreuz
08:56,RE 3715,Senftenberg (Sachs) (ab 07:14),Berlin Ostkreuz
09:00,RE 3710,Dessau Hbf (ab 07:05),Berlin Ostkreuz
09:01,RB 61108,Templin Stadt (ab 07:33),Berlin Ostkreuz
09:05,RE 73766,Frankfurt(Oder) (ab 08:11),Berlin Ostkreuz
09:14,RE 73719,Magdeburg Hbf (ab 06:59),Berlin Ostkreuz
09:18,RE 3111,Cottbus Hbf (ab 08:04),Berlin Ostkreuz
09:20,RB 18311,Eberswalde Hbf (ab 08:35),Berlin Ostkreuz
09:39,RB 18310,Blankenfelde(Teltow-Fläming) (ab 09:09),Berlin Ostkreuz
09:40,RE 3110,Hennigsdorf(b Berlin) (ab 08:35),Berlin Ostkreuz
09:42,RE 73726,Frankfurt(Oder) (ab 08:38),Berlin Ostkreuz
09:48,RB 61190,Werneuchen (ab 09:04),Berlin Ostkreuz
09:51,RE 73761,Brandenburg Hbf (ab 08:44),Berlin Ostkreuz
09:56,RE 3717,Senftenberg (ab 08:14),Berlin Ostkreuz
10:00,RE 3712,Dessau Hbf (ab 08:05),Berlin Ostkreuz
10:01,RB 61110,Templin Stadt (ab 08:33),Berlin Ostkreuz
10:05,RE 73768,Frankfurt(Oder) (ab 09:08),Berlin Ostkreuz
10:13,RB 61429,Müncheberg(Mark) (ab 09:25),Berlin Ostkreuz
10:14,RE 73721,Genthin (ab 08:44),Berlin Ostkreuz
10:18,RE 3113,Cottbus Hbf (ab 09:03),Berlin Ostkreuz
10:20,RB 18313,Eberswalde Hbf (ab 09:35),Berlin Ostkreuz
10:31,RE 73811,Brandenburg Hbf (ab 09:22),Berlin Ostkreuz
10:39,RB 18312,Blankenfelde(Teltow-Fläming) (ab 10:09),Berlin Ostkreuz
10:40,RE 3112,Hennigsdorf(b Berlin) (ab 09:35),Berlin Ostkreuz
10:42,RE 73728,Frankfurt(Oder) (ab 09:38),Berlin Ostkreuz
10:48,RB 61192,Werneuchen (ab 10:04),Berlin Ostkreuz
10:51,RE 73763,Brandenburg Hbf (ab 09:44),Berlin Ostkreuz
10:56,RE 3719,Senftenberg (Sachs) (ab 09:14),Berlin Ostkreuz
11:00,RE 3714,Dessau Hbf (ab 09:05),Berlin Ostkreuz
11:01,RB 61112,Templin Stadt (ab 09:33),Berlin Ostkreuz
11:05,RE 73770,Frankfurt(Oder) (ab 10:08),Berlin Ostkreuz
11:13,RB 61431,Müncheberg(Mark) (ab 10:25),Berlin Ostkreuz
11:14,RE 73723,Magdeburg Hbf (ab 08:59),Berlin Ostkreuz
11:17,RB 61228,Werneuchen (ab 10:34),Berlin Ostkreuz
11:18,RE 3115,Cottbus Hbf (ab 10:03),Berlin Ostkreuz
11:20,RB 18315,Eberswalde Hbf (ab 10:35),Berlin Ostkreuz
11:39,RB 18314,Blankenfelde(Teltow-Fläming) (ab 11:09),Berlin Ostkreuz
11:40,RE 3114,Hennigsdorf(b Berlin) (ab 10:35),Berlin Ostkreuz
11:42,RE 73730,Frankfurt(Oder) (ab 10:38),Berlin Ostkreuz
11:51,RE 73765,Brandenburg Hbf (ab 10:44),Berlin Ostkreuz
11:56,RE 3721,Senftenberg (ab 10:14),Berlin Ostkreuz
12:00,RE 3716,Dessau Hbf (ab 10:05),Berlin Ostkreuz
12:01,RB 61114,Templin Stadt (ab 10:33),Berlin Ostkreuz
12:05,RE 73772,Frankfurt(Oder) (ab 11:08),Berlin Ostkreuz
12:13,RB 61433,Müncheberg(Mark) (ab 11:25),Berlin Ostkreuz
12:14,RE 73725,Genthin (ab 10:44),Berlin Ostkreuz
12:18,RE 3117,Cottbus Hbf (ab 11:03),Berlin Ostkreuz
12:20,RB 18317,Eberswalde Hbf (ab 11:35),Berlin Ostkreuz
12:39,RB 18316,Blankenfelde(Teltow-Fläming) (ab 12:09),Berlin Ostkreuz
12:40,RE 3116,Hennigsdorf(b Berlin) (ab 11:35),Berlin Ostkreuz
12:42,RE 73732,Frankfurt(Oder) (ab 11:38),Berlin Ostkreuz
12:48,RB 61196,Werneuchen (ab 12:04),Berlin Ostkreuz
12:51,RE 73767,Brandenburg Hbf (ab 11:44),Berlin Ostkreuz
12:56,RE 3723,Senftenberg (ab 11:14),Berlin Ostkreuz
13:00,RE 3718,Dessau Hbf (ab 11:05),Berlin Ostkreuz
13:01,RB 61116,Templin Stadt (ab 11:33),Berlin Ostkreuz
13:05,RE 73774,Frankfurt(Oder) (ab 12:08),Berlin Ostkreuz
13:13,RB 61435,Müncheberg(Mark) (ab 12:25),Berlin Ostkreuz
13:14,RE 73727,Magdeburg Hbf (ab 10:53),Berlin Ostkreuz
13:17,RB 61232,Werneuchen (ab 12:34),Berlin Ostkreuz
13:18,RE 3119,Cottbus Hbf (ab 12:03),Berlin Ostkreuz
13:20,RB 18319,Eberswalde Hbf (ab 12:35),Berlin Ostkreuz
13:39,RB 18318,Blankenfelde(Teltow-Fläming) (ab 13:09),Berlin Ostkreuz
13:40,RE 3118,Hennigsdorf(b Berlin) (ab 12:35),Berlin Ostkreuz
13:42,RE 73734,Frankfurt(Oder) (ab 12:38),Berlin Ostkreuz
13:48,RB 61198,Werneuchen (ab 13:04),Berlin Ostkreuz
13:51,RE 73769,Brandenburg Hbf (ab 12:44),Berlin Ostkreuz
13:56,RE 3725,Senftenberg (Sachs) (ab 12:14),Berlin Ostkreuz
14:00,RE 3720,Dessau Hbf (ab 12:05),Berlin Ostkreuz
14:03,RE 73776,Frankfurt(Oder) (ab 13:08),Berlin Ostkreuz
14:14,RE 73729,Genthin (ab 12:44),Berlin Ostkreuz
14:18,RE 3121,Cottbus Hbf (ab 13:03),Berlin Ostkreuz
14:20,RB 18321,Eberswalde Hbf (ab 13:35),Berlin Ostkreuz
14:39,RB 18320,Blankenfelde(Teltow-Fläming) (ab 14:09),Berlin Ostkreuz
14:40,RE 3120,Hennigsdorf(b Berlin) (ab 13:35),Berlin Ostkreuz
14:42,RE 73736,Frankfurt(Oder) (ab 13:38),Berlin Ostkreuz
14:51,RE 73771,Brandenburg Hbf (ab 13:44),Berlin Ostkreuz
14:56,RE 3727,Senftenberg (ab 13:14),Berlin Ostkreuz
15:00,RE 3722,Dessau Hbf (ab 13:05),Berlin Ostkreuz
15:05,RE 73778,Frankfurt(Oder) (ab 14:08),Berlin Ostkreuz
15:14,RE 73731,Magdeburg Hbf (ab 12:59),Berlin Ostkreuz
15:18,RE 3123,Cottbus Hbf (ab 14:03),Berlin Ostkreuz
15:20,RB 18323,Eberswalde Hbf (ab 14:35),Berlin Ostkreuz
15:39,RB 18322,Blankenfelde(Teltow-Fläming) (ab 15:09),Berlin Ostkreuz
15:40,RE 3122,Hennigsdorf(b Berlin) (ab 14:35),Berlin Ostkreuz
15:42,RE 73738,Frankfurt(Oder) (ab 14:38),Berlin Ostkreuz
15:48,RB 61202,Werneuchen (ab 15:04),Berlin Ostkreuz
15:51,RE 73773,Brandenburg Hbf (ab 14:44),Berlin Ostkreuz
15:56,RE 3729,Troisvierges (ab 04:35),Berlin Ostkreuz
16:00,RE 3724,Dessau Hbf (ab 14:05),Berlin Ostkreuz
16:01,RB 61122,Templin Stadt (ab 14:33),Berlin Ostkreuz
16:05,RE 73780,Frankfurt(Oder) (ab 15:08),Berlin Ostkreuz
16:13,RB 61441,Müncheberg(Mark) (ab 15:25),Berlin Ostkreuz
16:14,RE 73733,Genthin (ab 14:44),Berlin Ostkreuz
16:18,RE 3125,Cottbus Hbf (ab 15:03),Berlin Ostkreuz
16:20,RB 18325,Eberswalde Hbf (ab 15:35),Berlin Ostkreuz
16:39,RB 18324,Blankenfelde(Teltow-Fläming) (ab 16:09),Berlin Ostkreuz
16:40,RE 3124,Hennigsdorf(b Berlin) (ab 15:35),Berlin Ostkreuz
16:42,RE 73740,Frankfurt(Oder) (ab 15:38),Berlin Ostkreuz
16:48,RB 61204,Werneuchen (ab 16:04),Berlin Ostkreuz
16:51,RE 73775,Brandenburg Hbf (ab 15:44),Berlin Ostkreuz
16:56,RE 3731,Senftenberg (ab 15:14),Berlin Ostkreuz
17:00,RE 3726,Dessau Hbf (ab 15:05),Berlin Ostkreuz
17:01,RB 61124,Templin Stadt (ab 15:33),Berlin Ostkreuz
17:05,RE 73782,Frankfurt(Oder) (ab 16:08),Berlin Ostkreuz
17:13,RB 61443,Müncheberg(Mark) (ab 16:25),Berlin Ostkreuz
17:14,RE 73735,Magdeburg Hbf (ab 14:59),Berlin Ostkreuz
17:17,RB 61240,Werneuchen (ab 16:34),Berlin Ostkreuz
17:18,RE 3127,Rudersberg-Oberndorf (ab 06:49),Berlin Ostkreuz
17:20,RB 18327,Eberswalde Hbf (ab 16:35),Berlin Ostkreuz
17:39,RB 18326,Blankenfelde(Teltow-Fläming) (ab 17:09),Berlin Ostkreuz
17:40,RE 3126,Hennigsdorf(b Berlin) (ab 16:35),Berlin Ostkreuz
17:42,RE 73742,Frankfurt(Oder) (ab 16:38),Berlin Ostkreuz
17:56,RE 3733,Senftenberg (Sachs) (ab 16:14),Berlin Ostkreuz
18:00,RE 3728,Dessau Hbf (ab 16:05),Berlin Ostkreuz
18:14,RE 73737,Genthin (ab 16:44),Berlin Ostkreuz
18:18,RE 3129,Rudersberg-Oberndorf (ab 07:19),Berlin Ostkreuz
18:20,RB 18329,Eberswalde Hbf (ab 17:35),Berlin Ostkreuz
18:39,RB 18328,Blankenfelde(Teltow-Fläming) (ab 18:09),Berlin Ostkreuz
18:40,RE 3128,Hennigsdorf(b Berlin) (ab 17:35),Berlin Ostkreuz
18:42,RE 73744,Frankfurt(Oder) (ab 17:38),Berlin Ostkreuz
18:52,RE 73779,Brandenburg Hbf (ab 17:45),Berlin Ostkreuz
18:56,RE 3735,Senftenberg (Sachs) (ab 17:14),Berlin Ostkreuz
19:00,RE 3730,Dessau Hbf (ab 17:05),Berlin Ostkreuz
19:05,RE 73786,Frankfurt(Oder) (ab 18:08),Berlin Ostkreuz
19:14,RE 73739,Magdeburg Hbf (ab 16:59),Berlin Ostkreuz
19:18,RE 3131,Rudersberg-Oberndorf (ab 07:49),Berlin Ostkreuz
19:39,RB 18330,Blankenfelde(Teltow-Fläming) (ab 19:09),Berlin Ostkreuz
19:42,RE 73746,Frankfurt(Oder) (ab 18:38),Berlin Ostkreuz
19:56,RE 3737,Senftenberg (Sachs) (ab 18:14),Berlin Ostkreuz
20:00,RE 3732,Dessau Hbf (ab 18:05),Berlin Ostkreuz
20:01,RB 61130,Templin Stadt (ab 18:33),Berlin Ostkreuz
20:05,RE 73788,Frankfurt(Oder) (ab 19:08),Berlin Ostkreuz
20:13,RB 61449,Müncheberg(Mark) (ab 19:25),Berlin Ostkreuz
20:14,RE 73741,Genthin (ab 18:44),Berlin Ostkreuz
20:17,RB 61246,Werneuchen (ab 19:34),Berlin Ostkreuz
20:18,RE 3133,Rudersberg-Oberndorf (ab 08:19),Berlin Ostkreuz
20:20,RB 18333,Eberswalde Hbf (ab 19:35),Berlin Ostkreuz
20:29,RE 73823,Berlin Zoologischer Garten (ab 20:08),Berlin Ostkreuz
20:39,RB 18332,Blankenfelde(Teltow-Fläming) (ab 20:09),Berlin Ostkreuz
20:40,RE 3132,Hennigsdorf(b Berlin) (ab 19:35),Berlin Ostkreuz
20:42,RE 73748,Frankfurt(Oder) (ab 19:42),Berlin Ostkreuz
20:48,RB 61212,Werneuchen (ab 20:04),Berlin Ostkreuz
20:52,RE 73783,Brandenburg Hbf (ab 19:44),Berlin Ostkreuz
20:56,RE 3739,Senftenberg (Sachs) (ab 19:14),Berlin Ostkreuz
21:00,RE 3734,Dessau Hbf (ab 19:05),Berlin Ostkreuz
21:01,RB 61132,Templin Stadt (ab 19:33),Berlin Ostkreuz
21:14,RE 73743,Magdeburg Hbf (ab 18:59),Berlin Ostkreuz
21:17,RB 61248,Werneuchen (ab 20:34),Berlin Ostkreuz
21:18,RE 3135,Rudersberg-Oberndorf (ab 08:49),Berlin Ostkreuz
21:20,RB 18335,Eberswalde Hbf (ab 20:35),Berlin Ostkreuz
21:29,RE 73825,Berlin-Charlottenburg (ab 21:04),Berlin Ostkreuz
21:36,RE 73790,Frankfurt(Oder) (ab 20:32),Berlin Ostkreuz
21:39,RB 18334,Blankenfelde(Teltow-Fläming) (ab 21:09),Berlin Ostkreuz
21:40,RE 3134,Hennigsdorf(b Berlin) (ab 20:35),Berlin Ostkreuz
21:43,RB 61214,Werneuchen (ab 21:04),Berlin Ostkreuz
21:51,RE 73785,Brandenburg Hbf (ab 20:44),Berlin Ostkreuz
21:59,RE 3741,Senftenberg (Sachs) (ab 20:14),Berlin Ostkreuz
22:01,RB 61134,Templin Stadt (ab 20:33),Berlin Ostkreuz
22:03 Ausfall,EC 40,Warszawa Wschodnia (ab 16:49),Berlin Ostkreuz
22:14,RE 73745,Genthin (ab 20:44),Berlin Ostkreuz
22:20,RB 18337,Eberswalde Hbf (ab 21:33),Berlin Ostkreuz
22:36,RE 73792,Frankfurt(Oder) (ab 21:32),Berlin Ostkreuz
22:39,RB 18336,Blankenfelde(Teltow-Fläming) (ab 22:09),Berlin Ostkreuz
22:42,RB 61216,Werneuchen (ab 22:04),Berlin Ostkreuz
23:01,RB 61136,Templin Stadt (ab 21:33),Berlin Ostkreuz
23:14,RE 73747,Jacobsdorf(Mark) (ab 00:05),Berlin Ostkreuz
23:18,RE 3139,Rudersberg-Oberndorf (ab 09:49),Berlin Ostkreuz
23:36,RE 73794,Frankfurt(Oder) (ab 22:32),Berlin Ostkreuz
