Ankunft,Zugnr.,von (Abfahrt),Ankunftsbhf.
00:23,RE 73797,Frankfurt(Oder) (ab 23:24),Berlin Ostkreuz
01:36,RE 73794,Magdeburg Hbf (ab 23:12),Berlin Ostkreuz
01:56,RE 62047,Flughafen BER (ab 01:39),Berlin Ostkreuz
02:56,RE 62043,Flughafen BER (ab 02:39),Berlin Ostkreuz
03:00,RE 62046,Berlin-Charlottenburg (ab 02:36),Berlin Ostkreuz
04:27,RE 73752,Brandenburg Hbf (ab 03:15),Berlin Ostkreuz
04:40,RE 73717,Frankfurt(Oder) (ab 03:41),Berlin Ostkreuz
05:30,RE 73754,Kirchmöser (ab 04:16),Berlin Ostkreuz
05:37 (+37),RE 3102,Hennigsdorf(b Berlin) (ab 04:33),Berlin Ostkreuz
05:43,RE 73719,Eisenhüttenstadt (ab 04:26),Berlin Ostkreuz
05:55,RE 3709,Lübben(Spreewald) (ab 05:00),Berlin Ostkreuz
05:59 (+1),RE 3704,Dessau Hbf (ab 04:05),Berlin Ostkreuz
06:24,RE 73761,Frankfurt(Oder) (ab 05:26),Berlin Ostkreuz
06:30,RE 73756,Magdeburg Hbf (ab 04:14),Berlin Ostkreuz
06:37,RE 3104,Hennigsdorf(b Berlin) (ab 05:34),Berlin Ostkreuz
06:43,RE 73721,Eisenhüttenstadt (ab 05:36),Berlin Ostkreuz
06:53,RB 18305,Eberswalde Hbf (ab 06:08),Berlin Ostkreuz
06:55 (+12),RE 3711,Lübben(Spreewald) (ab 06:00),Berlin Ostkreuz
07:01 (+17),RE 3706,Dessau Hbf (ab 05:05),Berlin Ostkreuz
07:10 Ausfall,IC 2432,Cottbus Hbf (ab 05:38),Berlin Ostkreuz
07:13,RE 73716,Magdeburg Hbf (ab 05:05),Berlin Ostkreuz
07:18 (+60),RE 3107,Lübben(Spreewald) (ab 06:34),Berlin Ostkreuz
07:24,RE 73763,Frankfurt(Oder) (ab 06:26),Berlin Ostkreuz
07:28 (+8),IC 2274,Dresden Hbf (ab 05:30),Berlin Ostkreuz
07:30,RE 73758,Brandenburg Hbf (ab 06:19),Berlin Ostkreuz
07:43,RE 73723,Frankfurt(Oder) (ab 06:55),Berlin Ostkreuz
07:46,RE 62058,Berlin-Lichtenberg (ab 07:43),Berlin Ostkreuz
07:53,RB 18307,Biesenthal (ab 07:18),Berlin Ostkreuz
07:55 (+18),RE 3713,Lübben(Spreewald) (ab 07:02),Berlin Ostkreuz
07:55,RE 62004,Elstal (ab 07:07),Berlin Ostkreuz
07:59,RE 62057,Elsterwerda (ab 06:00),Berlin Ostkreuz
08:01 (+7),RE 3708,Dessau Hbf (ab 06:05),Berlin Ostkreuz
08:02,RB 61116,Templin Stadt (ab 06:33),Berlin Ostkreuz
08:06,RB 18306,Schönefeld(bei Berlin) (ab 07:49),Berlin Ostkreuz
08:10,FEX 19821,Berlin Hbf (ab 07:51),Berlin Ostkreuz
08:13,RB 61255,Müncheberg(Mark) (ab 07:24),Berlin Ostkreuz
08:13,RE 73718,Brandenburg Hbf (ab 07:05),Berlin Ostkreuz
08:17,RB 61174,Werneuchen (ab 07:34),Berlin Ostkreuz
08:18 (+22),RE 3109,Lübben(Spreewald) (ab 07:34),Berlin Ostkreuz
08:19 (+2),RE 18758,Bad Belzig (ab 07:01),Berlin Ostkreuz
08:24,RE 73765,Frankfurt(Oder) (ab 07:26),Berlin Ostkreuz
08:30 (+4),IC 2173,Rostock Hbf (ab 06:21),Berlin Ostkreuz
08:30,RE 73760,Magdeburg Hbf (ab 06:10),Berlin Ostkreuz
08:37 (+29),RE 3108,Hennigsdorf(b Berlin) (ab 07:34),Berlin Ostkreuz
08:39,FEX 19823,Berlin Hbf (ab 08:21),Berlin Ostkreuz
08:43,RB 61176,Werneuchen (ab 08:04),Berlin Ostkreuz
08:43,RE 73725,Eisenhüttenstadt (ab 07:36),Berlin Ostkreuz
08:55 (+40),RE 3715,Lübben(Spreewald) (ab 08:02),Berlin Ostkreuz
09:01,RE 3710,Dessau Hbf (ab 07:05),Berlin Ostkreuz
09:02,RB 61118,Templin Stadt (ab 07:33),Berlin Ostkreuz
09:12,RE 62059,Finsterwalde(Niederlausitz) (ab 07:24),Berlin Ostkreuz
09:13,RE 73720,Magdeburg Hbf (ab 07:07),Berlin Ostkreuz
09:18,RE 3111,Lübben(Spreewald) (ab 08:34),Berlin Ostkreuz
09:24,RE 73767,Frankfurt(Oder) (ab 08:26),Berlin Ostkreuz
09:29 (+7),IC 2272,Chemnitz Hbf (ab 06:26),Berlin Ostkreuz
09:30,RE 73762,Brandenburg Hbf (ab 08:19),Berlin Ostkreuz
09:43,RE 73727,Eisenhüttenstadt (ab 08:36),Berlin Ostkreuz
09:44,RE 62062,Berlin-Lichtenberg (ab 09:39),Berlin Ostkreuz
10:01 (+9),RE 3712,Dessau Hbf (ab 08:05),Berlin Ostkreuz
10:01,RE 62013,Flughafen BER (ab 09:44),Berlin Ostkreuz
10:02,RB 61120,Templin Stadt (ab 08:33),Berlin Ostkreuz
10:06,RB 18310,Schönefeld(bei Berlin) (ab 09:49),Berlin Ostkreuz
10:13,RE 73722,Magdeburg Hbf (ab 08:06),Berlin Ostkreuz
10:18 (+60),RE 3113,Lübben(Spreewald) (ab 09:34),Berlin Ostkreuz
10:24,RE 73769,Frankfurt(Oder) (ab 09:26),Berlin Ostkreuz
10:30 (+5),IC 2175,Rostock Hbf (ab 08:21),Berlin Ostkreuz
10:30,RE 73764,Brandenburg Hbf (ab 09:19),Berlin Ostkreuz
10:43,RE 73729,Frankfurt(Oder) (ab 09:55),Berlin Ostkreuz
10:55 (+20),RE 3719,Lübben(Spreewald) (ab 10:02),Berlin Ostkreuz
10:55,RE 62010,Elstal (ab 10:07),Berlin Ostkreuz
11:01 (+32),RE 3714,Dessau Hbf (ab 09:04),Berlin Ostkreuz
11:01,RE 62015,Flughafen BER (ab 10:44),Berlin Ostkreuz
11:02,RB 61122,Templin Stadt (ab 09:33),Berlin Ostkreuz
11:06,RB 18312,Schönefeld(bei Berlin) (ab 10:49),Berlin Ostkreuz
11:13,RE 73724,Magdeburg Hbf (ab 09:06),Berlin Ostkreuz
11:18 (+33),RE 3115,Lübben(Spreewald) (ab 10:34),Berlin Ostkreuz
11:24,RE 73771,Frankfurt(Oder) (ab 10:26),Berlin Ostkreuz
11:28 (+5),IC 2270,Chemnitz Hbf (ab 08:26),Berlin Ostkreuz
11:28 (+6),RE 52270,Elsterwerda (ab 10:24),Berlin Ostkreuz
11:30,RE 73766,Brandenburg Hbf (ab 10:19),Berlin Ostkreuz
11:37 (+18),RE 3114,Hennigsdorf(b Berlin) (ab 10:34),Berlin Ostkreuz
11:39,FEX 19835,Berlin Hbf (ab 11:21),Berlin Ostkreuz
11:43,RE 73731,Frankfurt(Oder) (ab 10:55),Berlin Ostkreuz
11:53,RB 18315,Biesenthal (ab 11:18),Berlin Ostkreuz
11:55 (+24),RE 3721,Lübben(Spreewald) (ab 11:02),Berlin Ostkreuz
11:55,RE 62012,Elstal (ab 11:07),Berlin Ostkreuz
11:59,RE 62065,Elsterwerda (ab 10:12),Berlin Ostkreuz
12:01 (+9),RE 3716,Dessau Hbf (ab 10:05),Berlin Ostkreuz
12:01,RE 62017,Flughafen BER (ab 11:44),Berlin Ostkreuz
12:02,RB 61124,Templin Stadt (ab 10:33),Berlin Ostkreuz
12:06,RB 18314,Schönefeld(bei Berlin) (ab 11:49),Berlin Ostkreuz
12:10,FEX 19837,Berlin Hbf (ab 11:52),Berlin Ostkreuz
12:13,RB 61263,Müncheberg(Mark) (ab 11:24),Berlin Ostkreuz
12:13,RE 73726,Magdeburg Hbf (ab 10:06),Berlin Ostkreuz
12:17,RB 61190,Werneuchen (ab 11:34),Berlin Ostkreuz
12:18 (+22),RE 3117,Lübben(Spreewald) (ab 11:34),Berlin Ostkreuz
12:24,RE 73773,Frankfurt(Oder) (ab 11:26),Berlin Ostkreuz
12:30,RE 73768,Brandenburg Hbf (ab 11:19),Berlin Ostkreuz
12:31 (+8),IC 2177,Rostock Hbf (ab 10:21),Berlin Ostkreuz
12:43,RE 73733,Frankfurt(Oder) (ab 11:55),Berlin Ostkreuz
12:47,RE 62068,Berlin-Lichtenberg (ab 12:43),Berlin Ostkreuz
12:55 (+20),RE 3723,Lübben(Spreewald) (ab 12:02),Berlin Ostkreuz
12:55,RE 62014,Elstal (ab 12:07),Berlin Ostkreuz
13:01,RE 3718,Dessau Hbf (ab 11:04),Berlin Ostkreuz
13:01,RE 62019,Flughafen BER (ab 12:44),Berlin Ostkreuz
13:02,RB 61126,Templin Stadt (ab 11:33),Berlin Ostkreuz
13:12,RE 62067,Baruth(Mark) (ab 12:07),Berlin Ostkreuz
13:13,RB 61265,Müncheberg(Mark) (ab 12:24),Berlin Ostkreuz
13:13,RE 73728,Magdeburg Hbf (ab 11:06),Berlin Ostkreuz
13:17,RB 61194,Werneuchen (ab 12:34),Berlin Ostkreuz
13:18 (+26),RE 3119,Lübben(Spreewald) (ab 12:34),Berlin Ostkreuz
13:24,RE 73775,Frankfurt(Oder) (ab 12:26),Berlin Ostkreuz
13:28 (+3),IC 2178,Dresden Hbf (ab 11:30),Berlin Ostkreuz
13:28 (+3),RE 52178,Elsterwerda (ab 12:24),Berlin Ostkreuz
13:30,RE 73770,Brandenburg Hbf (ab 12:19),Berlin Ostkreuz
13:37 (+10),RE 3118,Hennigsdorf(b Berlin) (ab 12:34),Berlin Ostkreuz
13:39,FEX 19843,Berlin Hbf (ab 13:21),Berlin Ostkreuz
13:43,RE 73735,Frankfurt(Oder) (ab 12:55),Berlin Ostkreuz
13:45,RE 62070,Berlin-Lichtenberg (ab 13:37),Berlin Ostkreuz
13:53,RB 18319,Biesenthal (ab 13:18),Berlin Ostkreuz
13:55 (+53),RE 3725,Lübben(Spreewald) (ab 13:02),Berlin Ostkreuz
13:55,RE 62016,Elstal (ab 13:07),Berlin Ostkreuz
14:01 (+18),RE 3720,Dessau Hbf (ab 12:05),Berlin Ostkreuz
14:01,RE 62021,Flughafen BER (ab 13:44),Berlin Ostkreuz
14:02,RB 61128,Templin Stadt (ab 12:33),Berlin Ostkreuz
14:06,RB 18318,Schönefeld(bei Berlin) (ab 13:49),Berlin Ostkreuz
14:10,FEX 19845,Berlin Hbf (ab 13:51),Berlin Ostkreuz
14:12,RE 62069,Elsterwerda (ab 12:12),Berlin Ostkreuz
14:13,RE 73730,Magdeburg Hbf (ab 12:06),Berlin Ostkreuz
14:18,RE 3121,Lübben(Spreewald) (ab 13:34),Berlin Ostkreuz
14:24,RE 73777,Frankfurt(Oder) (ab 13:26),Berlin Ostkreuz
14:30 (+1),IC 2179,Rostock Hbf (ab 12:21),Berlin Ostkreuz
14:30,RE 73772,Brandenburg Hbf (ab 13:19),Berlin Ostkreuz
14:37,RE 3120,Hennigsdorf(b Berlin) (ab 13:34),Berlin Ostkreuz
14:43,RE 73737,Frankfurt(Oder) (ab 13:55),Berlin Ostkreuz
14:55 (+18),RE 3727,Lübben(Spreewald) (ab 14:02),Berlin Ostkreuz
14:55,RE 62018,Elstal (ab 14:07),Berlin Ostkreuz
15:01 (+28),RE 3722,Dessau Hbf (ab 13:04),Berlin Ostkreuz
15:01,RE 62023,Flughafen BER (ab 14:44),Berlin Ostkreuz
15:13,RE 73732,Magdeburg Hbf (ab 13:06),Berlin Ostkreuz
15:18,RE 3123,Lübben(Spreewald) (ab 14:34),Berlin Ostkreuz
15:19,RE 18760,Bad Belzig (ab 14:05),Berlin Ostkreuz
15:28 (+8),IC 2176,Dresden Hbf (ab 13:30),Berlin Ostkreuz
15:30,RE 73774,Brandenburg Hbf (ab 14:19),Berlin Ostkreuz
15:37,RE 3122,Hennigsdorf(b Berlin) (ab 14:34),Berlin Ostkreuz
15:43,RE 73739,Eisenhüttenstadt (ab 14:36),Berlin Ostkreuz
15:55 (+19),RE 3729,Troisvierges (ab 04:35),Berlin Ostkreuz
15:55,RE 62020,Elstal (ab 15:07),Berlin Ostkreuz
15:59,RE 62073,Elsterwerda (ab 14:12),Berlin Ostkreuz
16:01 (+12),RE 3724,Dessau Hbf (ab 14:05),Berlin Ostkreuz
16:01,RE 62025,Flughafen BER (ab 15:44),Berlin Ostkreuz
16:02,RB 61132,Templin Stadt (ab 14:33),Berlin Ostkreuz
16:06 (+1),RB 18322,Schönefeld(bei Berlin) (ab 15:49),Berlin Ostkreuz
16:10,FEX 19853,Berlin Hbf (ab 15:51),Berlin Ostkreuz
16:13,RB 61271,Müncheberg(Mark) (ab 15:24),Berlin Ostkreuz
16:13,RE 73734,Magdeburg Hbf (ab 14:06),Berlin Ostkreuz
16:17,RB 61206,Werneuchen (ab 15:34),Berlin Ostkreuz
16:18 (+37),RE 3125,Lübben(Spreewald) (ab 15:34),Berlin Ostkreuz
16:19 (+6),RE 18762,Bad Belzig (ab 15:05),Berlin Ostkreuz
16:24,RE 73781,Frankfurt(Oder) (ab 15:26),Berlin Ostkreuz
16:30 (+4),IC 2271,Rostock Hbf (ab 14:21),Berlin Ostkreuz
16:30,RE 73776,Brandenburg Hbf (ab 15:19),Berlin Ostkreuz
16:37 (+1),RE 3124,Hennigsdorf(b Berlin) (ab 15:34),Berlin Ostkreuz
16:39,FEX 19855,Berlin Hbf (ab 16:18),Berlin Ostkreuz
16:43,RB 61208,Werneuchen (ab 16:04),Berlin Ostkreuz
16:43,RE 73741,Frankfurt(Oder) (ab 15:55),Berlin Ostkreuz
16:47,RE 62076,Berlin-Lichtenberg (ab 16:40),Berlin Ostkreuz
16:53,RB 18325,Biesenthal (ab 16:18),Berlin Ostkreuz
16:55 (+26),RE 3731,Lübben(Spreewald) (ab 16:02),Berlin Ostkreuz
16:55,RE 62022,Elstal (ab 16:07),Berlin Ostkreuz
17:01,RE 62027,Flughafen BER (ab 16:44),Berlin Ostkreuz
17:02,RB 61134,Templin Stadt (ab 15:33),Berlin Ostkreuz
17:13,RE 73736,Magdeburg Hbf (ab 15:06),Berlin Ostkreuz
17:18,RE 18764,Bad Belzig (ab 16:05),Berlin Ostkreuz
17:18,RE 3127,Lübben(Spreewald) (ab 16:34),Berlin Ostkreuz
17:24,RE 73783,Frankfurt(Oder) (ab 16:26),Berlin Ostkreuz
17:28 (+12),IC 2174,Dresden Hbf (ab 15:30),Berlin Ostkreuz
17:30,RE 73778,Brandenburg Hbf (ab 16:19),Berlin Ostkreuz
17:37,RE 3126,Hennigsdorf(b Berlin) (ab 16:34),Berlin Ostkreuz
17:43,RE 73743,Frankfurt(Oder) (ab 16:55),Berlin Ostkreuz
17:55 (+11),RE 3733,Lübben(Spreewald) (ab 17:02),Berlin Ostkreuz
17:55,RE 62024,Elstal (ab 17:07),Berlin Ostkreuz
18:01 (+23),RE 3728,Dessau Hbf (ab 16:05),Berlin Ostkreuz
18:01,RE 62029,Flughafen BER (ab 17:44),Berlin Ostkreuz
18:06,RB 18326,Schönefeld(bei Berlin) (ab 17:49),Berlin Ostkreuz
18:13,RE 73738,Magdeburg Hbf (ab 16:06),Berlin Ostkreuz
18:18,RE 3129,Lübben(Spreewald) (ab 17:34),Berlin Ostkreuz
18:24,RE 73785,Frankfurt(Oder) (ab 17:26),Berlin Ostkreuz
18:30,RE 73780,Brandenburg Hbf (ab 17:19),Berlin Ostkreuz
18:31 (+1),IC 2273,Rostock Hbf (ab 16:21),Berlin Ostkreuz
18:37,RE 3128,Hennigsdorf(b Berlin) (ab 17:34),Berlin Ostkreuz
18:43,RE 73745,Cottbus Hbf (ab 16:56),Berlin Ostkreuz
18:53 (+3),RB 18329,Biesenthal (ab 18:18),Berlin Ostkreuz
18:55 (+23),RE 3735,Lübben(Spreewald) (ab 18:02),Berlin Ostkreuz
18:55,RE 62026,Elstal (ab 18:07),Berlin Ostkreuz
19:01 (+14),RE 3730,Dessau Hbf (ab 17:04),Berlin Ostkreuz
19:06,RB 18328,Schönefeld(bei Berlin) (ab 18:49),Berlin Ostkreuz
19:13,RE 73740,Magdeburg Hbf (ab 17:06),Berlin Ostkreuz
19:21 (+46),IC 2431,Bremen Hbf (ab 14:09),Berlin Ostkreuz
19:21 (+45),RE 62431,Berlin-Spandau (ab 18:43),Berlin Ostkreuz
19:24,RE 73787,Frankfurt(Oder) (ab 18:26),Berlin Ostkreuz
19:28 (+14),IC 2172,Dresden Hbf (ab 17:30),Berlin Ostkreuz
19:43,RE 73747,Eisenhüttenstadt (ab 18:36),Berlin Ostkreuz
19:55 (+12),RE 3737,Lübben(Spreewald) (ab 19:02),Berlin Ostkreuz
19:55,RE 62028,Elstal (ab 19:07),Berlin Ostkreuz
20:01 (+35),RE 3732,Dessau Hbf (ab 18:05),Berlin Ostkreuz
20:01,RE 62033,Flughafen BER (ab 19:44),Berlin Ostkreuz
20:13,RE 73742,Magdeburg Hbf (ab 18:06),Berlin Ostkreuz
20:24,RE 73789,Frankfurt(Oder) (ab 19:26),Berlin Ostkreuz
20:30 (+13),IC 2275,Rostock Hbf (ab 18:21),Berlin Ostkreuz
20:30,RE 73784,Brandenburg Hbf (ab 19:19),Berlin Ostkreuz
20:37 (+21),RE 3132,Hennigsdorf(b Berlin) (ab 19:34),Berlin Ostkreuz
20:43,RE 73749,Frankfurt(Oder) (ab 19:55),Berlin Ostkreuz
20:55 (+22),RE 3739,Lübben(Spreewald) (ab 20:02),Berlin Ostkreuz
20:55,RE 62030,Elstal (ab 20:07),Berlin Ostkreuz
21:01 (+17),RE 3734,Dessau Hbf (ab 19:04),Berlin Ostkreuz
21:03,RB 61142,Templin Stadt (ab 19:33),Berlin Ostkreuz
21:23,RE 73791,Frankfurt(Oder) (ab 20:26),Berlin Ostkreuz
21:56,RE 62032,Elstal (ab 21:07),Berlin Ostkreuz
22:01 (+2),RE 3736,Dessau Hbf (ab 20:05),Berlin Ostkreuz
22:04 (+8),EC 40,Warszawa Wschodnia (ab 16:44),Berlin Ostkreuz
22:23,RE 73793,Frankfurt(Oder) (ab 21:24),Berlin Ostkreuz
22:55,RE 62034,Berlin-Charlottenburg (ab 22:30),Berlin Ostkreuz
