Ankunft,Zugnr.,von (Abfahrt),Ankunftsbhf.
00:09 (+75),RE 3745,Lübben(Spreewald) (ab 23:15),Berlin Ostkreuz
00:52,RE 62090,Berlin-Lichtenberg (ab 00:49),Berlin Ostkreuz
00:55,RE 62038,Wustermark (ab 00:02),Berlin Ostkreuz
00:56,RE 62041,Flughafen BER (ab 00:40),Berlin Ostkreuz
01:04,RE 62089,Baruth(Mark) (ab 00:07),Berlin Ostkreuz
01:08,RE 3140,Hennigsdorf(b Berlin) (ab 00:04),Berlin Ostkreuz
01:23,RE 73753,Frankfurt(Oder) (ab 00:24),Berlin Ostkreuz
01:56,RE 62047,Flughafen BER (ab 01:39),Berlin Ostkreuz
02:02,RE 62042,Berlin-Charlottenburg (ab 01:38),Berlin Ostkreuz
02:56,RE 62043,Flughafen BER (ab 02:39),Berlin Ostkreuz
04:27,RE 73752,Berlin Zoologischer Garten (ab 04:05),Berlin Ostkreuz
04:40,RE 73717,Frankfurt(Oder) (ab 03:41),Berlin Ostkreuz
04:55,RE 3707,Lübben(Spreewald) (ab 04:00),Berlin Ostkreuz
05:01 (+3),RE 3702,Bad Belzig (ab 03:41),Berlin Ostkreuz
05:06,RB 18300,Schönefeld(bei Berlin) (ab 04:49),Berlin Ostkreuz
05:18,RE 3103,Lübben(Spreewald) (ab 04:32),Berlin Ostkreuz
05:30,RE 73754,Brandenburg Hbf (ab 04:17),Berlin Ostkreuz
05:37,RE 3102,Hennigsdorf(b Berlin) (ab 04:33),Berlin Ostkreuz
05:43,RE 73719,Eisenhüttenstadt (ab 04:26),Berlin Ostkreuz
05:55,RE 3709,Lübben(Spreewald) (ab 05:00),Berlin Ostkreuz
05:57,RE 62053,Elsterwerda (ab 04:13),Berlin Ostkreuz
06:02,RB 61112,Templin Stadt (ab 04:33),Berlin Ostkreuz
06:06,RB 18302,Schönefeld(bei Berlin) (ab 05:49),Berlin Ostkreuz
06:09,RE 73714,Brandenburg Hbf (ab 05:05),Berlin Ostkreuz
06:19,RE 18754,Bad Belzig (ab 05:01),Berlin Ostkreuz
06:24,RE 73761,Frankfurt(Oder) (ab 05:26),Berlin Ostkreuz
06:30,RE 73756,Möser (ab 04:37),Berlin Ostkreuz
06:37,RE 3104,Hennigsdorf(b Berlin) (ab 05:34),Berlin Ostkreuz
06:43,RE 73721,Eisenhüttenstadt (ab 05:36),Berlin Ostkreuz
06:55,RE 3711,Lübben(Spreewald) (ab 06:00),Berlin Ostkreuz
07:01,RE 3706,Dessau Hbf (ab 05:05),Berlin Ostkreuz
07:02,RB 61114,Templin Stadt (ab 05:33),Berlin Ostkreuz
07:06,RB 18304,Schönefeld(bei Berlin) (ab 06:49),Berlin Ostkreuz
07:10 (+30),IC 2432,Cottbus Hbf (ab 05:38),Berlin Ostkreuz
07:13,RE 73716,Möser (ab 05:22),Berlin Ostkreuz
07:19,RE 18756,Bad Belzig (ab 06:01),Berlin Ostkreuz
07:24,RE 73763,Frankfurt(Oder) (ab 06:26),Berlin Ostkreuz
07:28 (+24),IC 2274,Dresden Hbf (ab 05:30),Berlin Ostkreuz
07:30,RE 73758,Brandenburg Hbf (ab 06:19),Berlin Ostkreuz
07:55,RE 3713,Lübben(Spreewald) (ab 07:02),Berlin Ostkreuz
07:59,RE 62057,Elsterwerda (ab 06:00),Berlin Ostkreuz
08:01,RE 3708,Dessau Hbf (ab 06:05),Berlin Ostkreuz
08:06,RB 18306,Schönefeld(bei Berlin) (ab 07:49),Berlin Ostkreuz
08:13,RE 73718,Brandenburg Hbf (ab 07:05),Berlin Ostkreuz
08:19,RE 18758,Bad Belzig (ab 07:01),Berlin Ostkreuz
08:30 (+1),IC 2173,Rostock Hbf (ab 06:21),Berlin Ostkreuz
08:30,RE 62060,Berlin-Lichtenberg (ab 08:26),Berlin Ostkreuz
08:30,RE 73760,Möser (ab 06:37),Berlin Ostkreuz
08:43,RE 73725,Eisenhüttenstadt (ab 07:36),Berlin Ostkreuz
08:53,RB 18309,Eberswalde Hbf (ab 08:08),Berlin Ostkreuz
08:55,RE 62006,Elstal (ab 08:07),Berlin Ostkreuz
09:01 (+9),RE 3710,Dessau Hbf (ab 07:05),Berlin Ostkreuz
09:12,RE 62059,Finsterwalde(Niederlausitz) (ab 07:24),Berlin Ostkreuz
09:13,RE 73720,Möser (ab 07:22),Berlin Ostkreuz
09:18,RE 3111,Lübben(Spreewald) (ab 08:34),Berlin Ostkreuz
09:29 (+12),IC 2272,Chemnitz Hbf (ab 06:58),Berlin Ostkreuz
09:37 (+1),RE 3110,Hennigsdorf(b Berlin) (ab 08:34),Berlin Ostkreuz
09:43,RE 73727,Eisenhüttenstadt (ab 08:36),Berlin Ostkreuz
09:55 (+11),RE 3717,Lübben(Spreewald) (ab 09:02),Berlin Ostkreuz
09:55,RE 62008,Elstal (ab 09:07),Berlin Ostkreuz
09:59,RE 62061,Elsterwerda (ab 08:12),Berlin Ostkreuz
10:01 (+1),RE 3712,Dessau Hbf (ab 08:05),Berlin Ostkreuz
10:01,RE 62013,Flughafen BER (ab 09:44),Berlin Ostkreuz
10:06,RB 18310,Schönefeld(bei Berlin) (ab 09:49),Berlin Ostkreuz
10:13,RE 73722,Möser (ab 08:22),Berlin Ostkreuz
10:18,RE 3113,Lübben(Spreewald) (ab 09:34),Berlin Ostkreuz
10:24,RE 73769,Frankfurt(Oder) (ab 09:26),Berlin Ostkreuz
10:30 (+3),IC 2175,Rostock Hbf (ab 08:21),Berlin Ostkreuz
10:30,RE 73764,Brandenburg Hbf (ab 09:19),Berlin Ostkreuz
10:37,RE 3112,Hennigsdorf(b Berlin) (ab 09:34),Berlin Ostkreuz
10:43,RE 73729,Frankfurt(Oder) (ab 09:55),Berlin Ostkreuz
10:47,RE 62064,Berlin-Lichtenberg (ab 10:38),Berlin Ostkreuz
10:55 (+25),RE 3719,Lübben(Spreewald) (ab 10:02),Berlin Ostkreuz
10:55,RE 62010,Elstal (ab 10:07),Berlin Ostkreuz
11:01 (+2),RE 3714,Dessau Hbf (ab 09:04),Berlin Ostkreuz
11:02,RB 61122,Templin Stadt (ab 09:33),Berlin Ostkreuz
11:12,RE 62063,Baruth(Mark) (ab 10:07),Berlin Ostkreuz
11:13,RE 73724,Möser (ab 09:22),Berlin Ostkreuz
11:18 Ausfall,RE 3115,Lübben(Spreewald) (ab 10:34),Berlin Ostkreuz
11:24,RE 73771,Frankfurt(Oder) (ab 10:26),Berlin Ostkreuz
11:28 (+9),IC 2270,Chemnitz Hbf (ab 08:58),Berlin Ostkreuz
11:28,RE 52270,Elsterwerda (ab 10:24),Berlin Ostkreuz
11:30,RE 73766,Brandenburg Hbf (ab 10:19),Berlin Ostkreuz
11:37,RE 3114,Hennigsdorf(b Berlin) (ab 10:34),Berlin Ostkreuz
11:43,RE 73731,Frankfurt(Oder) (ab 10:55),Berlin Ostkreuz
11:55 Ausfall,RE 3721,Lübben(Spreewald) (ab 11:02),Berlin Ostkreuz
11:55,RE 62012,Elstal (ab 11:07),Berlin Ostkreuz
11:59,RE 62065,Elsterwerda (ab 10:12),Berlin Ostkreuz
12:01 Ausfall,RE 3716,Dessau Hbf (ab 10:05),Berlin Ostkreuz
12:01,RE 62017,Flughafen BER (ab 11:44),Berlin Ostkreuz
12:02,RB 61124,Templin Stadt (ab 10:33),Berlin Ostkreuz
12:13,RE 73726,Möser (ab 10:22),Berlin Ostkreuz
12:24,RE 73773,Frankfurt(Oder) (ab 11:26),Berlin Ostkreuz
12:31 (+18),IC 2177,Rostock Hbf (ab 10:21),Berlin Ostkreuz
12:37,RE 3116,Hennigsdorf(b Berlin) (ab 11:34),Berlin Ostkreuz
12:43,RE 73733,Frankfurt(Oder) (ab 11:55),Berlin Ostkreuz
12:47,RE 62068,Berlin-Lichtenberg (ab 12:43),Berlin Ostkreuz
12:55 Ausfall,RE 3723,Lübben(Spreewald) (ab 12:02),Berlin Ostkreuz
12:55,RE 62014,Elstal (ab 12:07),Berlin Ostkreuz
13:01 (+13),RE 3718,Dessau Hbf (ab 11:04),Berlin Ostkreuz
13:01,RE 62019,Flughafen BER (ab 12:44),Berlin Ostkreuz
13:06,RB 18316,Schönefeld(bei Berlin) (ab 12:49),Berlin Ostkreuz
13:13,RE 73728,Möser (ab 11:22),Berlin Ostkreuz
13:18,RE 3119,Lübben(Spreewald) (ab 12:34),Berlin Ostkreuz
13:24,RE 73775,Frankfurt(Oder) (ab 12:26),Berlin Ostkreuz
13:28 (+8),IC 2178,Dresden Hbf (ab 11:30),Berlin Ostkreuz
13:28,RE 52178,Elsterwerda (ab 12:24),Berlin Ostkreuz
13:30,RE 73770,Brandenburg Hbf (ab 12:19),Berlin Ostkreuz
13:37 Ausfall,RE 3118,Hennigsdorf(b Berlin) (ab 12:34),Berlin Ostkreuz
13:39,FEX19843,Berlin Hbf (ab 13:21),Berlin Ostkreuz
13:43,RE 73735,Frankfurt(Oder) (ab 12:55),Berlin Ostkreuz
13:53,RB 18319,Eberswalde Hbf (ab 13:08),Berlin Ostkreuz
13:55 Ausfall,RE 3725,Lübben(Spreewald) (ab 13:02),Berlin Ostkreuz
13:55,RE 62016,Elstal (ab 13:07),Berlin Ostkreuz
14:01 Ausfall,RE 3720,Dessau Hbf (ab 12:05),Berlin Ostkreuz
14:01,RE 62021,Flughafen BER (ab 13:44),Berlin Ostkreuz
14:02,RB 61128,Templin Stadt (ab 12:33),Berlin Ostkreuz
14:06,RB 18318,Schönefeld(bei Berlin) (ab 13:49),Berlin Ostkreuz
14:10,FEX19845,Berlin Hbf (ab 13:51),Berlin Ostkreuz
14:12,RE 62069,Elsterwerda (ab 12:12),Berlin Ostkreuz
14:13,RB 61267,Müncheberg(Mark) (ab 13:24),Berlin Ostkreuz
14:13,RE 73730,Möser (ab 12:22),Berlin Ostkreuz
14:17,RB 61198,Werneuchen (ab 13:34),Berlin Ostkreuz
14:18,RE 3121,Lübben(Spreewald) (ab 13:34),Berlin Ostkreuz
14:24,RE 73777,Frankfurt(Oder) (ab 13:26),Berlin Ostkreuz
14:30 (+8),IC 2179,Rostock Hbf (ab 12:21),Berlin Ostkreuz
14:30,RE 73772,Brandenburg Hbf (ab 13:19),Berlin Ostkreuz
14:35,RE 62072,Berlin-Lichtenberg (ab 14:29),Berlin Ostkreuz
14:37,RE 3120,Hennigsdorf(b Berlin) (ab 13:34),Berlin Ostkreuz
14:43,RE 73737,Frankfurt(Oder) (ab 13:55),Berlin Ostkreuz
14:55 (+35),RE 3727,Lübben(Spreewald) (ab 14:02),Berlin Ostkreuz
14:55,RE 62018,Elstal (ab 14:07),Berlin Ostkreuz
15:01 (+34),RE 3722,Dessau Hbf (ab 13:04),Berlin Ostkreuz
15:01,RE 62023,Flughafen BER (ab 14:44),Berlin Ostkreuz
15:02,RB 61130,Templin Stadt (ab 13:33),Berlin Ostkreuz
15:06,RB 18320,Schönefeld(bei Berlin) (ab 14:49),Berlin Ostkreuz
15:13,RE 73732,Möser (ab 13:22),Berlin Ostkreuz
15:18,RE 3123,Lübben(Spreewald) (ab 14:34),Berlin Ostkreuz
15:19,RE 18760,Bad Belzig (ab 14:05),Berlin Ostkreuz
15:24,RE 73779,Frankfurt(Oder) (ab 14:26),Berlin Ostkreuz
15:28 (+8),IC 2176,Dresden Hbf (ab 13:30),Berlin Ostkreuz
15:30,RE 73774,Brandenburg Hbf (ab 14:19),Berlin Ostkreuz
15:37 (+15),RE 3122,Hennigsdorf(b Berlin) (ab 14:34),Berlin Ostkreuz
15:43,RE 73739,Eisenhüttenstadt (ab 14:36),Berlin Ostkreuz
15:44,RE 62074,Berlin-Lichtenberg (ab 15:38),Berlin Ostkreuz
15:55 (+39),RE 3729,Lübben(Spreewald) (ab 15:02),Berlin Ostkreuz
15:55,RE 62020,Elstal (ab 15:07),Berlin Ostkreuz
15:59,RE 62073,Elsterwerda (ab 14:12),Berlin Ostkreuz
16:01 Ausfall,RE 3724,Dessau Hbf (ab 14:05),Berlin Ostkreuz
16:01,RE 62025,Flughafen BER (ab 15:44),Berlin Ostkreuz
16:02,RB 61132,Templin Stadt (ab 14:33),Berlin Ostkreuz
16:13,RB 61271,Müncheberg(Mark) (ab 15:24),Berlin Ostkreuz
16:13,RE 73734,Möser (ab 14:22),Berlin Ostkreuz
16:17,RB 61206,Werneuchen (ab 15:34),Berlin Ostkreuz
16:18,RE 3125,Lübben(Spreewald) (ab 15:34),Berlin Ostkreuz
16:19 (+8),RE 18762,Bad Belzig (ab 15:05),Berlin Ostkreuz
16:24,RE 73781,Frankfurt(Oder) (ab 15:26),Berlin Ostkreuz
16:30 (+5),IC 2271,Rostock Hbf (ab 14:21),Berlin Ostkreuz
16:30,RE 73776,Brandenburg Hbf (ab 15:19),Berlin Ostkreuz
16:37 (+12),RE 3124,Hennigsdorf(b Berlin) (ab 15:34),Berlin Ostkreuz
16:39,FEX19855,Berlin Hbf (ab 16:18),Berlin Ostkreuz
16:43,RB 61208,Werneuchen (ab 16:04),Berlin Ostkreuz
16:43,RE 73741,Frankfurt(Oder) (ab 15:55),Berlin Ostkreuz
16:47,RE 62076,Berlin-Lichtenberg (ab 16:40),Berlin Ostkreuz
16:53 (+1),RB 18325,Eberswalde Hbf (ab 16:08),Berlin Ostkreuz
16:55 (+42),RE 3731,Lübben(Spreewald) (ab 16:02),Berlin Ostkreuz
16:55,RE 62022,Elstal (ab 16:07),Berlin Ostkreuz
17:01 (+5),RE 3726,Dessau Hbf (ab 15:04),Berlin Ostkreuz
17:01,RE 62027,Flughafen BER (ab 16:44),Berlin Ostkreuz
17:02,RB 61134,Templin Stadt (ab 15:33),Berlin Ostkreuz
17:06,RB 18324,Schönefeld(bei Berlin) (ab 16:49),Berlin Ostkreuz
17:10,FEX19857,Berlin Hbf (ab 16:51),Berlin Ostkreuz
17:12,RE 62075,Finsterwalde(Niederlausitz) (ab 15:24),Berlin Ostkreuz
17:13,RE 73736,Möser (ab 15:22),Berlin Ostkreuz
17:18,RE 18764,Bad Belzig (ab 16:05),Berlin Ostkreuz
17:18,RE 3127,Lübben(Spreewald) (ab 16:34),Berlin Ostkreuz
17:24,RE 73783,Frankfurt(Oder) (ab 16:26),Berlin Ostkreuz
17:28 (+9),IC 2174,Dresden Hbf (ab 15:30),Berlin Ostkreuz
17:28 (+9),RE 52174,Elsterwerda (ab 16:24),Berlin Ostkreuz
17:30,RE 73778,Brandenburg Hbf (ab 16:19),Berlin Ostkreuz
17:37 (+1),RE 3126,Hennigsdorf(b Berlin) (ab 16:34),Berlin Ostkreuz
17:39,FEX19859,Berlin Hbf (ab 17:19),Berlin Ostkreuz
17:43,RB 61212,Werneuchen (ab 17:04),Berlin Ostkreuz
17:43,RE 73743,Frankfurt(Oder) (ab 16:55),Berlin Ostkreuz
17:45,RE 62078,Berlin-Lichtenberg (ab 17:42),Berlin Ostkreuz
17:53 (+2),RB 18327,Eberswalde Hbf (ab 17:08),Berlin Ostkreuz
17:55,RE 3733,Lübben(Spreewald) (ab 17:02),Berlin Ostkreuz
17:55,RE 62024,Elstal (ab 17:07),Berlin Ostkreuz
17:59,RE 62077,Elsterwerda (ab 16:12),Berlin Ostkreuz
18:01 (+14),RE 3728,Dessau Hbf (ab 16:05),Berlin Ostkreuz
18:01,RE 62029,Flughafen BER (ab 17:44),Berlin Ostkreuz
18:02,RB 61136,Templin Stadt (ab 16:33),Berlin Ostkreuz
18:06,RB 18326,Schönefeld(bei Berlin) (ab 17:49),Berlin Ostkreuz
18:10,FEX19861,Berlin Hbf (ab 17:51),Berlin Ostkreuz
18:13,RB 61275,Müncheberg(Mark) (ab 17:24),Berlin Ostkreuz
18:13,RE 73738,Möser (ab 16:22),Berlin Ostkreuz
18:17,RB 61214,Werneuchen (ab 17:34),Berlin Ostkreuz
18:18,RE 3129,Lübben(Spreewald) (ab 17:34),Berlin Ostkreuz
18:19,RE 18766,Berlin Friedrichstr (ab 18:05),Berlin Ostkreuz
18:24,RE 73785,Frankfurt(Oder) (ab 17:26),Berlin Ostkreuz
18:30,RE 73780,Brandenburg Hbf (ab 17:19),Berlin Ostkreuz
18:31 (+24),IC 2273,Rostock Hbf (ab 16:21),Berlin Ostkreuz
18:37 (+5),RE 3128,Hennigsdorf(b Berlin) (ab 17:34),Berlin Ostkreuz
18:39,FEX19863,Berlin Hbf (ab 18:21),Berlin Ostkreuz
18:43,RB 61216,Werneuchen (ab 18:04),Berlin Ostkreuz
18:43,RE 73745,Cottbus Hbf (ab 16:56),Berlin Ostkreuz
18:46,RE 62080,Berlin-Lichtenberg (ab 18:42),Berlin Ostkreuz
18:53 (+1),RB 18329,Eberswalde Hbf (ab 18:08),Berlin Ostkreuz
18:55 (+19),RE 3735,Lübben(Spreewald) (ab 18:02),Berlin Ostkreuz
18:55,RE 62026,Elstal (ab 18:07),Berlin Ostkreuz
19:01 (+68),RE 3730,Dessau Hbf (ab 17:04),Berlin Ostkreuz
19:01,RE 62031,Flughafen BER (ab 18:44),Berlin Ostkreuz
19:02,RB 61138,Templin Stadt (ab 17:33),Berlin Ostkreuz
19:06,RB 18328,Schönefeld(bei Berlin) (ab 18:49),Berlin Ostkreuz
19:10,FEX19865,Berlin Hbf (ab 18:51),Berlin Ostkreuz
19:12,RE 62079,Finsterwalde(Niederlausitz) (ab 17:24),Berlin Ostkreuz
19:13,RB 61277,Müncheberg(Mark) (ab 18:24),Berlin Ostkreuz
19:13,RE 73740,Möser (ab 17:22),Berlin Ostkreuz
19:17,RB 61218,Werneuchen (ab 18:34),Berlin Ostkreuz
19:18,RE 3131,Lübben(Spreewald) (ab 18:34),Berlin Ostkreuz
19:21 (+2),IC 2431,Emden Außenhafen (ab 12:01),Berlin Ostkreuz
19:21 (+1),RE 62431,Berlin-Spandau (ab 18:43),Berlin Ostkreuz
19:24,RE 73787,Frankfurt(Oder) (ab 18:26),Berlin Ostkreuz
19:28 (+14),IC 2172,Dresden Hbf (ab 17:30),Berlin Ostkreuz
19:28 (+6),RE 52172,Elsterwerda (ab 18:24),Berlin Ostkreuz
19:30,RE 62082,Berlin-Lichtenberg (ab 19:27),Berlin Ostkreuz
19:30,RE 73782,Brandenburg Hbf (ab 18:19),Berlin Ostkreuz
19:37 (+40),RE 3130,Hennigsdorf(b Berlin) (ab 18:35),Berlin Ostkreuz
19:43,RE 73747,Eisenhüttenstadt (ab 18:36),Berlin Ostkreuz
19:55 (+29),RE 3737,Lübben(Spreewald) (ab 19:02),Berlin Ostkreuz
19:55,RE 62028,Elstal (ab 19:07),Berlin Ostkreuz
19:59,RE 62081,Elsterwerda (ab 18:12),Berlin Ostkreuz
20:01 (+33),RE 3732,Dessau Hbf (ab 18:05),Berlin Ostkreuz
20:01,RE 62033,Flughafen BER (ab 19:44),Berlin Ostkreuz
20:06 (+7),RB 18330,Schönefeld(bei Berlin) (ab 19:49),Berlin Ostkreuz
20:13,RB 61279,Müncheberg(Mark) (ab 19:24),Berlin Ostkreuz
20:13,RE 73742,Möser (ab 18:22),Berlin Ostkreuz
20:17,RB 61222,Werneuchen (ab 19:34),Berlin Ostkreuz
20:18 (+5),RE 3133,Lübben(Spreewald) (ab 19:34),Berlin Ostkreuz
20:24,RE 73789,Frankfurt(Oder) (ab 19:26),Berlin Ostkreuz
20:30 (+26),IC 2275,Rostock Hbf (ab 18:21),Berlin Ostkreuz
20:30,RE 73784,Brandenburg Hbf (ab 19:19),Berlin Ostkreuz
20:37 (+5),RE 3132,Hennigsdorf(b Berlin) (ab 19:34),Berlin Ostkreuz
20:39,FEX19871,Berlin Hbf (ab 20:18),Berlin Ostkreuz
20:47,RE 62084,Berlin-Lichtenberg (ab 20:42),Berlin Ostkreuz
20:55 (+87),RE 3739,Lübben(Spreewald) (ab 20:02),Berlin Ostkreuz
20:55,RE 62030,Elstal (ab 20:07),Berlin Ostkreuz
21:01 (+4),RE 3734,Dessau Hbf (ab 19:04),Berlin Ostkreuz
21:01,RE 62035,Flughafen BER (ab 20:44),Berlin Ostkreuz
21:03,RB 61142,Templin Stadt (ab 19:33),Berlin Ostkreuz
21:06,RB 18332,Schönefeld(bei Berlin) (ab 20:49),Berlin Ostkreuz
21:10,FEX19873,Berlin Hbf (ab 20:51),Berlin Ostkreuz
21:12,RE 62083,Finsterwalde(Niederlausitz) (ab 19:24),Berlin Ostkreuz
21:13,RE 73744,Möser (ab 19:22),Berlin Ostkreuz
21:18,RE 3135,Lübben(Spreewald) (ab 20:34),Berlin Ostkreuz
21:37,RE 3134,Hennigsdorf(b Berlin) (ab 20:34),Berlin Ostkreuz
21:57 (+56),RE 3741,Senftenberg (ab 20:14),Berlin Ostkreuz
21:58,RE 62085,Elsterwerda (ab 20:05),Berlin Ostkreuz
22:01 (+37),RE 3736,Dessau Hbf (ab 20:05),Berlin Ostkreuz
22:02 (+50),EC 40,Warszawa Gdanska (ab 17:00),Berlin Ostkreuz
22:02,RB 61144,Templin Stadt (ab 20:33),Berlin Ostkreuz
22:40 (+64),ICE 1159,Bonn Hbf (ab 17:49),Berlin Ostkreuz
