Ankunft,Zugnr.,von (Abfahrt),Ankunftsbhf.
00:52,RE 62090,Berlin-Lichtenberg (ab 00:49),Berlin Ostkreuz
01:04,RE 62089,Baruth(Mark) (ab 00:07),Berlin Ostkreuz
04:27,RE 73752,Berlin Zoologischer Garten (ab 04:05),Berlin Ostkreuz
04:47,RE 73800,Berlin-Charlottenburg (ab 04:23),Berlin Ostkreuz
05:01,RE 3702,Bad Belzig (ab 03:41),Berlin Ostkreuz
05:06,RB 18300,Schönefeld(bei Berlin) (ab 04:49),Berlin Ostkreuz
05:30,RE 73754,Brandenburg Hbf (ab 04:17),Berlin Ostkreuz
05:43,RE 73719,Eisenhüttenstadt (ab 04:26),Berlin Ostkreuz
05:44,RE 62054,Berlin-Lichtenberg (ab 05:39),Berlin Ostkreuz
05:53,RB 18303,Eberswalde Hbf (ab 05:08),Berlin Ostkreuz
05:57,RE 62053,Elsterwerda (ab 04:13),Berlin Ostkreuz
06:05,RE 73805,Frankfurt(Oder) (ab 05:18),Berlin Ostkreuz
06:09,RE 73714,Brandenburg Hbf (ab 05:05),Berlin Ostkreuz
06:19,RE 18754,Bad Belzig (ab 05:01),Berlin Ostkreuz
06:24,RE 73761,Frankfurt(Oder) (ab 05:26),Berlin Ostkreuz
06:30,RE 73756,Möser (ab 04:37),Berlin Ostkreuz
06:37 (+5),RE 3104,Hennigsdorf(b Berlin) (ab 05:34),Berlin Ostkreuz
06:43,RE 73721,Eisenhüttenstadt (ab 05:36),Berlin Ostkreuz
06:45,RE 62056,Berlin-Lichtenberg (ab 06:42),Berlin Ostkreuz
06:53,RB 18305,Eberswalde Hbf (ab 06:08),Berlin Ostkreuz
06:55 (+12),RE 3711,Senftenberg (ab 05:11),Berlin Ostkreuz
07:01,RE 3706,Dessau Hbf (ab 05:05),Berlin Ostkreuz
07:01,RE 62007,Flughafen BER (ab 06:44),Berlin Ostkreuz
07:06,RB 18304,Schönefeld(bei Berlin) (ab 06:49),Berlin Ostkreuz
07:10 Ausfall,IC 2432,Cottbus Hbf (ab 06:01),Berlin Ostkreuz
07:10 (+219),RE 62432,Cottbus Hbf (ab 06:01),Berlin Ostkreuz
07:12,RE 62055,Finsterwalde(Niederlausitz) (ab 05:35),Berlin Ostkreuz
07:13,RE 73716,Möser (ab 05:22),Berlin Ostkreuz
07:18 (+57),RE 3107,Cottbus Hbf (ab 06:07),Berlin Ostkreuz
07:19 Ausfall,RE 18756,Bad Belzig (ab 06:01),Berlin Ostkreuz
07:24,RE 73763,Frankfurt(Oder) (ab 06:26),Berlin Ostkreuz
07:28 (+35),IC 2274,Dresden Hbf (ab 05:30),Berlin Ostkreuz
07:28 (+5),RE 52274,Minden(Westf) (ab 06:02),Berlin Ostkreuz
07:30,RE 73758,Brandenburg Hbf (ab 06:19),Berlin Ostkreuz
07:35 (+68),RE 18755,Cottbus Hbf (ab 06:13),Berlin Ostkreuz
07:37 (+18),RE 3106,Hennigsdorf(b Berlin) (ab 06:34),Berlin Ostkreuz
07:39,FEX19819,Berlin Hbf (ab 07:21),Berlin Ostkreuz
07:43,RE 73723,Frankfurt(Oder) (ab 06:55),Berlin Ostkreuz
07:46,RE 62058,Berlin-Lichtenberg (ab 07:43),Berlin Ostkreuz
07:53 (+1),RB 18307,Eberswalde Hbf (ab 07:08),Berlin Ostkreuz
07:55 Ausfall,RE 3713,Senftenberg (ab 06:14),Berlin Ostkreuz
07:55,RE 62004,Elstal (ab 07:07),Berlin Ostkreuz
07:59,RE 62057,Elsterwerda (ab 06:00),Berlin Ostkreuz
08:01 Ausfall,RE 3708,Dessau Hbf (ab 06:05),Berlin Ostkreuz
08:01,RE 62009,Flughafen BER (ab 07:44),Berlin Ostkreuz
08:02,RB 61116,Templin Stadt (ab 06:33),Berlin Ostkreuz
08:06,RB 18306,Schönefeld(bei Berlin) (ab 07:49),Berlin Ostkreuz
08:10,FEX19821,Berlin Hbf (ab 07:51),Berlin Ostkreuz
08:13,RB 61255,Müncheberg(Mark) (ab 07:24),Berlin Ostkreuz
08:13,RE 73718,Brandenburg Hbf (ab 07:05),Berlin Ostkreuz
08:17,RB 61174,Werneuchen (ab 07:34),Berlin Ostkreuz
08:18 (+34),RE 3109,Cottbus Hbf (ab 07:03),Berlin Ostkreuz
08:19 (+3),RE 18758,Bad Belzig (ab 07:01),Berlin Ostkreuz
08:24,RE 73765,Frankfurt(Oder) (ab 07:26),Berlin Ostkreuz
08:30 (+5),IC 2173,Rostock Hbf (ab 06:21),Berlin Ostkreuz
08:30,RE 62060,Berlin-Lichtenberg (ab 08:26),Berlin Ostkreuz
08:30,RE 73760,Möser (ab 06:37),Berlin Ostkreuz
08:35 (+125),RE 18757,Lübbenau(Spreewald) (ab 07:46),Berlin Ostkreuz
08:37,RE 3108,Hennigsdorf(b Berlin) (ab 07:34),Berlin Ostkreuz
08:43,RE 73725,Eisenhüttenstadt (ab 07:36),Berlin Ostkreuz
08:53,RB 18309,Eberswalde Hbf (ab 08:08),Berlin Ostkreuz
08:55 (+114),RE 3715,Senftenberg (ab 07:14),Berlin Ostkreuz
08:55,RE 62006,Elstal (ab 08:07),Berlin Ostkreuz
09:01 Ausfall,RE 3710,Dessau Hbf (ab 07:05),Berlin Ostkreuz
09:01,RE 62011,Flughafen BER (ab 08:44),Berlin Ostkreuz
09:06,RB 18308,Schönefeld(bei Berlin) (ab 08:49),Berlin Ostkreuz
09:12,RE 62059,Finsterwalde(Niederlausitz) (ab 07:24),Berlin Ostkreuz
09:13,RE 73720,Möser (ab 07:22),Berlin Ostkreuz
09:18 (+130),RE 3111,Cottbus Hbf (ab 08:04),Berlin Ostkreuz
09:24,RE 73767,Frankfurt(Oder) (ab 08:26),Berlin Ostkreuz
09:29 (+3),IC 2272,Chemnitz Hbf (ab 06:51),Berlin Ostkreuz
09:30,RE 73762,Brandenburg Hbf (ab 08:19),Berlin Ostkreuz
09:37,RE 3110,Hennigsdorf(b Berlin) (ab 08:34),Berlin Ostkreuz
09:43,RE 73727,Eisenhüttenstadt (ab 08:36),Berlin Ostkreuz
09:44,RE 62062,Berlin-Lichtenberg (ab 09:39),Berlin Ostkreuz
09:49,RE 73808,Brandenburg Hbf (ab 08:45),Berlin Ostkreuz
09:53,RB 18311,Eberswalde Hbf (ab 09:08),Berlin Ostkreuz
09:55 (+72),RE 3717,Senftenberg (ab 08:14),Berlin Ostkreuz
09:59,RE 62061,Elsterwerda (ab 08:12),Berlin Ostkreuz
10:01 (+13),RE 3712,Dessau Hbf (ab 08:05),Berlin Ostkreuz
10:02,RB 61120,Templin Stadt (ab 08:33),Berlin Ostkreuz
10:06,RB 18310,Schönefeld(bei Berlin) (ab 09:49),Berlin Ostkreuz
10:13,RE 73722,Möser (ab 08:22),Berlin Ostkreuz
10:30 (+3),IC 2175,Rostock Hbf (ab 08:21),Berlin Ostkreuz
10:37 Ausfall,RE 3112,Hennigsdorf(b Berlin) (ab 09:34),Berlin Ostkreuz
10:43,RE 73729,Frankfurt(Oder) (ab 09:55),Berlin Ostkreuz
10:47,RE 62064,Berlin-Lichtenberg (ab 10:38),Berlin Ostkreuz
10:53,RB 18313,Eberswalde Hbf (ab 10:08),Berlin Ostkreuz
10:55 (+53),RE 3719,Senftenberg (ab 09:14),Berlin Ostkreuz
11:02,RB 61122,Templin Stadt (ab 09:33),Berlin Ostkreuz
11:06,RB 18312,Schönefeld(bei Berlin) (ab 10:49),Berlin Ostkreuz
11:12,RE 62063,Baruth(Mark) (ab 10:07),Berlin Ostkreuz
11:13,RE 73724,Möser (ab 09:22),Berlin Ostkreuz
11:18 Ausfall,RE 3115,Cottbus Hbf (ab 10:04),Berlin Ostkreuz
11:24,RE 73771,Frankfurt(Oder) (ab 10:26),Berlin Ostkreuz
11:28 (+24),IC 2270,Chemnitz Hbf (ab 08:51),Berlin Ostkreuz
11:28,RE 52270,Elsterwerda (ab 10:24),Berlin Ostkreuz
11:30,RE 73766,Brandenburg Hbf (ab 10:19),Berlin Ostkreuz
11:37,RE 3114,Hennigsdorf(b Berlin) (ab 10:34),Berlin Ostkreuz
11:44,RE 62066,Berlin-Lichtenberg (ab 11:41),Berlin Ostkreuz
11:55 (+55),RE 3721,Senftenberg (ab 10:14),Berlin Ostkreuz
11:59,RE 62065,Elsterwerda (ab 10:12),Berlin Ostkreuz
12:01 (+12),RE 3716,Dessau Hbf (ab 10:05),Berlin Ostkreuz
12:01,RE 62017,Flughafen BER (ab 11:44),Berlin Ostkreuz
12:06,RB 18314,Schönefeld(bei Berlin) (ab 11:49),Berlin Ostkreuz
12:13,RE 73726,Möser (ab 10:22),Berlin Ostkreuz
12:18 (+11),RE 3117,Cottbus Hbf (ab 11:04),Berlin Ostkreuz
12:24,RE 73773,Frankfurt(Oder) (ab 11:26),Berlin Ostkreuz
12:30,RE 73768,Brandenburg Hbf (ab 11:19),Berlin Ostkreuz
12:31 (+1),IC 2177,Rostock Hbf (ab 10:21),Berlin Ostkreuz
12:37 (+1),RE 3116,Hennigsdorf(b Berlin) (ab 11:34),Berlin Ostkreuz
12:39,FEX19839,Berlin Hbf (ab 12:18),Berlin Ostkreuz
12:43,RE 73733,Frankfurt(Oder) (ab 11:55),Berlin Ostkreuz
12:53,RB 18317,Eberswalde Hbf (ab 12:08),Berlin Ostkreuz
12:55 (+5),RE 3723,Senftenberg (ab 11:14),Berlin Ostkreuz
12:55,RE 62014,Elstal (ab 12:07),Berlin Ostkreuz
13:01 (+2),RE 3718,Dessau Hbf (ab 11:04),Berlin Ostkreuz
13:01,RE 62019,Flughafen BER (ab 12:44),Berlin Ostkreuz
13:02,RB 61126,Templin Stadt (ab 11:33),Berlin Ostkreuz
13:06,RB 18316,Schönefeld(bei Berlin) (ab 12:49),Berlin Ostkreuz
13:10,FEX19841,Berlin Hbf (ab 12:51),Berlin Ostkreuz
13:12,RE 62067,Baruth(Mark) (ab 12:07),Berlin Ostkreuz
13:13,RB 61265,Müncheberg(Mark) (ab 12:24),Berlin Ostkreuz
13:13,RE 73728,Möser (ab 11:22),Berlin Ostkreuz
13:17,RB 61194,Werneuchen (ab 12:34),Berlin Ostkreuz
13:18 (+9),RE 3119,Cottbus Hbf (ab 12:04),Berlin Ostkreuz
13:24,RE 73775,Frankfurt(Oder) (ab 12:26),Berlin Ostkreuz
13:28 (+4),IC 2178,Dresden Hbf (ab 11:30),Berlin Ostkreuz
13:28 (+5),RE 52178,Elsterwerda (ab 12:24),Berlin Ostkreuz
13:37,RE 3118,Hennigsdorf(b Berlin) (ab 12:34),Berlin Ostkreuz
13:43,RE 73735,Frankfurt(Oder) (ab 12:55),Berlin Ostkreuz
13:45,RE 62070,Berlin-Lichtenberg (ab 13:37),Berlin Ostkreuz
13:55 (+11),RE 3725,Senftenberg (ab 12:14),Berlin Ostkreuz
13:55,RE 62016,Elstal (ab 13:07),Berlin Ostkreuz
14:01 (+39),RE 3720,Dessau Hbf (ab 12:05),Berlin Ostkreuz
14:01,RE 62021,Flughafen BER (ab 13:44),Berlin Ostkreuz
14:02,RB 61128,Templin Stadt (ab 12:33),Berlin Ostkreuz
14:06,RB 18318,Schönefeld(bei Berlin) (ab 13:49),Berlin Ostkreuz
14:12,RE 62069,Elsterwerda (ab 12:12),Berlin Ostkreuz
14:13,RE 73730,Möser (ab 12:22),Berlin Ostkreuz
14:18 (+19),RE 3121,Cottbus Hbf (ab 13:04),Berlin Ostkreuz
14:24,RE 73777,Frankfurt(Oder) (ab 13:26),Berlin Ostkreuz
14:30 (+1),IC 2179,Rostock Hbf (ab 12:21),Berlin Ostkreuz
14:30,RE 73772,Brandenburg Hbf (ab 13:19),Berlin Ostkreuz
14:35,RE 62072,Berlin-Lichtenberg (ab 14:29),Berlin Ostkreuz
14:37 (+48),RE 3120,Hennigsdorf(b Berlin) (ab 13:34),Berlin Ostkreuz
14:43,RE 73737,Frankfurt(Oder) (ab 13:55),Berlin Ostkreuz
14:53,RB 18321,Eberswalde Hbf (ab 14:08),Berlin Ostkreuz
14:55 (+21),RE 3727,Senftenberg (ab 13:14),Berlin Ostkreuz
14:55,RE 62018,Elstal (ab 14:07),Berlin Ostkreuz
15:01 (+76),RE 3722,Dessau Hbf (ab 13:04),Berlin Ostkreuz
15:01,RE 62023,Flughafen BER (ab 14:44),Berlin Ostkreuz
15:02,RB 61130,Templin Stadt (ab 13:33),Berlin Ostkreuz
15:06,RB 18320,Schönefeld(bei Berlin) (ab 14:49),Berlin Ostkreuz
15:12,RE 62071,Baruth(Mark) (ab 14:07),Berlin Ostkreuz
15:13,RE 73732,Möser (ab 13:22),Berlin Ostkreuz
15:18,RE 3123,Cottbus Hbf (ab 14:04),Berlin Ostkreuz
15:19,RE 18760,Bad Belzig (ab 14:05),Berlin Ostkreuz
15:24,RE 73779,Frankfurt(Oder) (ab 14:26),Berlin Ostkreuz
15:28 (+7),IC 2176,Dresden Hbf (ab 13:30),Berlin Ostkreuz
15:28,RE 52176,Elsterwerda (ab 14:24),Berlin Ostkreuz
15:30,RE 73774,Brandenburg Hbf (ab 14:19),Berlin Ostkreuz
15:37,RE 3122,Hennigsdorf(b Berlin) (ab 14:34),Berlin Ostkreuz
15:43,RE 73739,Eisenhüttenstadt (ab 14:36),Berlin Ostkreuz
15:44,RE 62074,Berlin-Lichtenberg (ab 15:38),Berlin Ostkreuz
15:53,RB 18323,Eberswalde Hbf (ab 15:08),Berlin Ostkreuz
15:55 (+29),RE 3729,Senftenberg (ab 14:14),Berlin Ostkreuz
15:55,RE 62020,Elstal (ab 15:07),Berlin Ostkreuz
15:59,RE 62073,Elsterwerda (ab 14:12),Berlin Ostkreuz
16:01 (+15),RE 3724,Dessau Hbf (ab 14:05),Berlin Ostkreuz
16:01,RE 62025,Flughafen BER (ab 15:44),Berlin Ostkreuz
16:02,RB 61132,Templin Stadt (ab 14:33),Berlin Ostkreuz
16:06,RB 18322,Schönefeld(bei Berlin) (ab 15:49),Berlin Ostkreuz
16:13,RE 73734,Möser (ab 14:22),Berlin Ostkreuz
16:18 (+19),RE 3125,Cottbus Hbf (ab 15:04),Berlin Ostkreuz
16:19,RE 18762,Bad Belzig (ab 15:05),Berlin Ostkreuz
16:24,RE 73781,Frankfurt(Oder) (ab 15:26),Berlin Ostkreuz
16:30 (+2),IC 2271,Rostock Hbf (ab 14:21),Berlin Ostkreuz
16:30,RE 73776,Brandenburg Hbf (ab 15:19),Berlin Ostkreuz
16:35 (+9),RE 18761,Cottbus Hbf (ab 15:13),Berlin Ostkreuz
16:37,RE 3124,Hennigsdorf(b Berlin) (ab 15:34),Berlin Ostkreuz
16:43,RE 73741,Frankfurt(Oder) (ab 15:55),Berlin Ostkreuz
16:47,RE 62076,Berlin-Lichtenberg (ab 16:40),Berlin Ostkreuz
16:53,RB 18325,Eberswalde Hbf (ab 16:08),Berlin Ostkreuz
16:55 (+4),RE 3731,Senftenberg (ab 15:14),Berlin Ostkreuz
16:55,RE 62022,Elstal (ab 16:07),Berlin Ostkreuz
17:01 (+76),RE 3726,Dessau Hbf (ab 15:04),Berlin Ostkreuz
17:01,RE 62027,Flughafen BER (ab 16:44),Berlin Ostkreuz
17:02,RB 61134,Templin Stadt (ab 15:33),Berlin Ostkreuz
17:06,RB 18324,Schönefeld(bei Berlin) (ab 16:49),Berlin Ostkreuz
17:12,RE 62075,Finsterwalde(Niederlausitz) (ab 15:24),Berlin Ostkreuz
17:13,RE 73736,Möser (ab 15:22),Berlin Ostkreuz
17:18 (+52),RE 18764,Bad Belzig (ab 16:05),Berlin Ostkreuz
17:18 (+38),RE 3127,Cottbus Hbf (ab 16:04),Berlin Ostkreuz
17:24,RE 73783,Frankfurt(Oder) (ab 16:26),Berlin Ostkreuz
17:28 (+24),IC 2174,Dresden Hbf (ab 15:30),Berlin Ostkreuz
17:28,RE 52174,Elsterwerda (ab 16:24),Berlin Ostkreuz
17:30,RE 73778,Brandenburg Hbf (ab 16:19),Berlin Ostkreuz
17:37,RE 3126,Hennigsdorf(b Berlin) (ab 16:34),Berlin Ostkreuz
17:43,RE 73743,Frankfurt(Oder) (ab 16:55),Berlin Ostkreuz
17:45,RE 62078,Berlin-Lichtenberg (ab 17:42),Berlin Ostkreuz
17:53,RB 18327,Eberswalde Hbf (ab 17:08),Berlin Ostkreuz
17:55 (+29),RE 3733,Senftenberg (ab 16:14),Berlin Ostkreuz
17:55,RE 62024,Elstal (ab 17:07),Berlin Ostkreuz
17:59,RE 62077,Elsterwerda (ab 16:12),Berlin Ostkreuz
18:01 (+43),RE 3728,Dessau Hbf (ab 16:05),Berlin Ostkreuz
18:02,RB 61136,Templin Stadt (ab 16:33),Berlin Ostkreuz
18:06,RB 18326,Schönefeld(bei Berlin) (ab 17:49),Berlin Ostkreuz
18:13,RE 73738,Möser (ab 16:22),Berlin Ostkreuz
18:19 (+1),RE 18766,Berlin Friedrichstr (ab 18:05),Berlin Ostkreuz
18:24,RE 73785,Frankfurt(Oder) (ab 17:26),Berlin Ostkreuz
18:30,RE 73780,Brandenburg Hbf (ab 17:19),Berlin Ostkreuz
18:31,IC 2273,Rostock Hbf (ab 16:21),Berlin Ostkreuz
18:35,RE 18765,Lübbenau(Spreewald) (ab 17:46),Berlin Ostkreuz
18:37,RE 3128,Hennigsdorf(b Berlin) (ab 17:34),Berlin Ostkreuz
18:43,RE 73745,Cottbus Hbf (ab 16:56),Berlin Ostkreuz
18:46,RE 62080,Berlin-Lichtenberg (ab 18:42),Berlin Ostkreuz
18:53,RB 18329,Eberswalde Hbf (ab 18:08),Berlin Ostkreuz
18:55 (+55),RE 3735,Senftenberg (ab 17:14),Berlin Ostkreuz
19:01 (+15),RE 3730,Dessau Hbf (ab 17:04),Berlin Ostkreuz
19:02,RB 61138,Templin Stadt (ab 17:33),Berlin Ostkreuz
19:12,RE 62079,Finsterwalde(Niederlausitz) (ab 17:24),Berlin Ostkreuz
19:13,RE 73740,Möser (ab 17:22),Berlin Ostkreuz
19:18,RE 3131,Cottbus Hbf (ab 18:04),Berlin Ostkreuz
19:21 (+57),IC 2431,Emden Außenhafen (ab 12:01),Berlin Ostkreuz
19:21 (+56),RE 62431,Berlin-Spandau (ab 18:43),Berlin Ostkreuz
19:24,RE 73787,Frankfurt(Oder) (ab 18:26),Berlin Ostkreuz
19:28 (+5),IC 2172,Dresden Hbf (ab 17:30),Berlin Ostkreuz
19:28,RE 52172,Elsterwerda (ab 18:24),Berlin Ostkreuz
19:30,RE 62082,Berlin-Lichtenberg (ab 19:27),Berlin Ostkreuz
19:30,RE 73782,Brandenburg Hbf (ab 18:19),Berlin Ostkreuz
19:43,RE 73747,Eisenhüttenstadt (ab 18:36),Berlin Ostkreuz
19:55 (+17),RE 3737,Senftenberg (ab 18:14),Berlin Ostkreuz
20:01 (+27),RE 3732,Dessau Hbf (ab 18:05),Berlin Ostkreuz
20:01,RE 62033,Flughafen BER (ab 19:44),Berlin Ostkreuz
20:06,RB 18330,Schönefeld(bei Berlin) (ab 19:49),Berlin Ostkreuz
20:13,RE 73742,Möser (ab 18:22),Berlin Ostkreuz
20:18 (+8),RE 3133,Cottbus Hbf (ab 19:04),Berlin Ostkreuz
20:30 (+1),IC 2275,Rostock Hbf (ab 18:21),Berlin Ostkreuz
20:30,RE 73784,Brandenburg Hbf (ab 19:19),Berlin Ostkreuz
20:37 (+30),RE 3132,Hennigsdorf(b Berlin) (ab 19:34),Berlin Ostkreuz
20:43,RE 73749,Frankfurt(Oder) (ab 19:55),Berlin Ostkreuz
20:47,RE 62084,Berlin-Lichtenberg (ab 20:42),Berlin Ostkreuz
20:49,RE 73826,Berlin-Charlottenburg (ab 20:24),Berlin Ostkreuz
20:55 (+12),RE 3739,Senftenberg (ab 19:14),Berlin Ostkreuz
20:55,RE 62030,Elstal (ab 20:07),Berlin Ostkreuz
21:01 (+1),RE 3734,Dessau Hbf (ab 19:04),Berlin Ostkreuz
21:03,RB 61142,Templin Stadt (ab 19:33),Berlin Ostkreuz
21:12,RE 62083,Finsterwalde(Niederlausitz) (ab 19:24),Berlin Ostkreuz
21:13,RE 73744,Möser (ab 19:22),Berlin Ostkreuz
21:18,RE 3135,Cottbus Hbf (ab 20:04),Berlin Ostkreuz
21:23,RE 73791,Frankfurt(Oder) (ab 20:26),Berlin Ostkreuz
21:58,RE 62085,Elsterwerda (ab 20:05),Berlin Ostkreuz
22:02 (+7),EC 40,Warszawa Wschodnia (ab 16:44),Berlin Ostkreuz
22:02,RB 61144,Templin Stadt (ab 20:33),Berlin Ostkreuz
22:13,RE 73746,Möser (ab 20:22),Berlin Ostkreuz
22:40 (+40),ICE 1159,Bonn Hbf (ab 17:49),Berlin Ostkreuz
