Ankunft,Zugnr.,von (Abfahrt),Ankunftsbhf.
00:24 (+2),RB 5188,Herrensee (ab 00:01),Berlin-Lichtenberg
01:10,RE 62089,Baruth(Mark) (ab 00:07),Berlin-Lichtenberg
04:32,RB 55692,Werneuchen (ab 04:03),Berlin-Lichtenberg
04:32,RB 61160,Werneuchen (ab 04:03),Berlin-Lichtenberg
04:47,RB 18301,Eberswalde Hbf (ab 04:08),Berlin-Lichtenberg
04:51,RB 61111,Berlin Ostkreuz (ab 04:48),Berlin-Lichtenberg
05:12,RB 18300,Schönefeld(bei Berlin) (ab 04:49),Berlin-Lichtenberg
05:24,RB 5150,Kostrzyn (ab 04:02),Berlin-Lichtenberg
05:35,RB 55690,Werneuchen (ab 05:06),Berlin-Lichtenberg
05:35,RB 61164,Werneuchen (ab 05:06),Berlin-Lichtenberg
05:47,RB 18303,Eberswalde Hbf (ab 05:08),Berlin-Lichtenberg
05:51,RB 61113,Berlin Ostkreuz (ab 05:48),Berlin-Lichtenberg
05:56,RB 61112,Templin Stadt (ab 04:33),Berlin-Lichtenberg
06:02,RE 62053,Elsterwerda (ab 04:13),Berlin-Lichtenberg
06:12,RB 18302,Schönefeld(bei Berlin) (ab 05:49),Berlin-Lichtenberg
06:47,RB 18305,Eberswalde Hbf (ab 06:08),Berlin-Lichtenberg
06:51,RB 61115,Berlin Ostkreuz (ab 06:48),Berlin-Lichtenberg
06:56,RB 61114,Templin Stadt (ab 05:33),Berlin-Lichtenberg
07:12,RB 18304,Schönefeld(bei Berlin) (ab 06:49),Berlin-Lichtenberg
07:17,RE 62055,Finsterwalde(Niederlausitz) (ab 05:35),Berlin-Lichtenberg
07:47,RB 18307,Eberswalde Hbf (ab 07:08),Berlin-Lichtenberg
07:51,RB 61117,Berlin Ostkreuz (ab 07:48),Berlin-Lichtenberg
07:56,RB 61116,Templin Stadt (ab 06:33),Berlin-Lichtenberg
08:04,RE 62057,Elsterwerda (ab 06:00),Berlin-Lichtenberg
08:11 (+31),EN 40476,Budapest-Nyugati (ab 19:30),Berlin-Lichtenberg
08:11 (+2),NJ 456,Graz Hbf (ab 19:20),Berlin-Lichtenberg
08:12,RB 18306,Schönefeld(bei Berlin) (ab 07:49),Berlin-Lichtenberg
08:47,RB 18309,Eberswalde Hbf (ab 08:08),Berlin-Lichtenberg
08:51,RB 61119,Berlin Ostkreuz (ab 08:48),Berlin-Lichtenberg
08:56,RB 61118,Templin Stadt (ab 07:33),Berlin-Lichtenberg
09:12,RB 18308,Schönefeld(bei Berlin) (ab 08:49),Berlin-Lichtenberg
09:19,RE 62059,Finsterwalde(Niederlausitz) (ab 07:24),Berlin-Lichtenberg
09:47,RB 18311,Eberswalde Hbf (ab 09:08),Berlin-Lichtenberg
09:51,RB 61121,Berlin Ostkreuz (ab 09:48),Berlin-Lichtenberg
09:56,RB 61120,Templin Stadt (ab 08:33),Berlin-Lichtenberg
10:04,RE 62061,Elsterwerda (ab 08:12),Berlin-Lichtenberg
10:12,RB 18310,Schönefeld(bei Berlin) (ab 09:49),Berlin-Lichtenberg
10:47,RB 18313,Eberswalde Hbf (ab 10:08),Berlin-Lichtenberg
10:51,RB 61123,Berlin Ostkreuz (ab 10:48),Berlin-Lichtenberg
10:56,RB 61122,Templin Stadt (ab 09:33),Berlin-Lichtenberg
11:05,RB 61261,Müncheberg(Mark) (ab 10:24),Berlin-Lichtenberg
11:12,RB 18312,Schönefeld(bei Berlin) (ab 10:49),Berlin-Lichtenberg
11:17,RE 62063,Baruth(Mark) (ab 10:07),Berlin-Lichtenberg
11:24 (+1),RB 5162,Kostrzyn (ab 10:02),Berlin-Lichtenberg
11:35 (+2),RB 61188,Werneuchen (ab 11:04),Berlin-Lichtenberg
11:47,RB 18315,Eberswalde Hbf (ab 11:08),Berlin-Lichtenberg
11:56 (+1),RB 61124,Templin Stadt (ab 10:33),Berlin-Lichtenberg
12:04,RE 62065,Elsterwerda (ab 10:12),Berlin-Lichtenberg
12:05,RB 61263,Müncheberg(Mark) (ab 11:24),Berlin-Lichtenberg
12:06,RB 61190,Werneuchen (ab 11:34),Berlin-Lichtenberg
12:12,RB 18314,Schönefeld(bei Berlin) (ab 11:49),Berlin-Lichtenberg
12:51,RB 61127,Berlin Ostkreuz (ab 12:48),Berlin-Lichtenberg
12:57,RB 61126,Templin Stadt (ab 11:33),Berlin-Lichtenberg
13:05,RB 61265,Müncheberg(Mark) (ab 12:24),Berlin-Lichtenberg
13:06,RB 61194,Werneuchen (ab 12:34),Berlin-Lichtenberg
13:12,RB 18316,Schönefeld(bei Berlin) (ab 12:49),Berlin-Lichtenberg
13:17,RE 62067,Baruth(Mark) (ab 12:07),Berlin-Lichtenberg
13:47,RB 18319,Eberswalde Hbf (ab 13:08),Berlin-Lichtenberg
13:51,RB 61129,Berlin Ostkreuz (ab 13:48),Berlin-Lichtenberg
13:56,RB 61128,Templin Stadt (ab 12:33),Berlin-Lichtenberg
14:05,RB 61267,Müncheberg(Mark) (ab 13:24),Berlin-Lichtenberg
14:06,RB 61198,Werneuchen (ab 13:34),Berlin-Lichtenberg
14:12,RB 18318,Schönefeld(bei Berlin) (ab 13:49),Berlin-Lichtenberg
14:19,RE 62069,Elsterwerda (ab 12:12),Berlin-Lichtenberg
14:35,RB 61200,Werneuchen (ab 14:04),Berlin-Lichtenberg
14:47,RB 18321,Eberswalde Hbf (ab 14:08),Berlin-Lichtenberg
14:51,RB 61131,Berlin Ostkreuz (ab 14:48),Berlin-Lichtenberg
14:56,RB 61130,Templin Stadt (ab 13:33),Berlin-Lichtenberg
15:05,RB 61269,Müncheberg(Mark) (ab 14:24),Berlin-Lichtenberg
15:06,RB 61202,Werneuchen (ab 14:34),Berlin-Lichtenberg
15:09,RB 61272,Berlin Ostkreuz (ab 15:06),Berlin-Lichtenberg
15:12,RB 18320,Schönefeld(bei Berlin) (ab 14:49),Berlin-Lichtenberg
15:18,RE 62071,Baruth(Mark) (ab 14:07),Berlin-Lichtenberg
15:24,RB 5170,Kostrzyn (ab 14:02),Berlin-Lichtenberg
15:35,RB 61204,Werneuchen (ab 15:04),Berlin-Lichtenberg
15:47,RB 18323,Eberswalde Hbf (ab 15:08),Berlin-Lichtenberg
15:51,RB 61133,Berlin Ostkreuz (ab 15:48),Berlin-Lichtenberg
15:56,RB 61132,Templin Stadt (ab 14:33),Berlin-Lichtenberg
16:05,RE 62073,Elsterwerda (ab 14:12),Berlin-Lichtenberg
16:06,RB 61206,Werneuchen (ab 15:34),Berlin-Lichtenberg
16:12,RB 18322,Schönefeld(bei Berlin) (ab 15:49),Berlin-Lichtenberg
16:35,RB 61208,Werneuchen (ab 16:04),Berlin-Lichtenberg
16:47,RB 18325,Eberswalde Hbf (ab 16:08),Berlin-Lichtenberg
16:51,RB 61135,Berlin Ostkreuz (ab 16:48),Berlin-Lichtenberg
16:56,RB 61134,Templin Stadt (ab 15:33),Berlin-Lichtenberg
17:05,RB 61273,Müncheberg(Mark) (ab 16:24),Berlin-Lichtenberg
17:06,RB 61210,Werneuchen (ab 16:34),Berlin-Lichtenberg
17:12,RB 18324,Schönefeld(bei Berlin) (ab 16:49),Berlin-Lichtenberg
17:17,RE 62075,Finsterwalde(Niederlausitz) (ab 15:24),Berlin-Lichtenberg
17:35,RB 61212,Werneuchen (ab 17:04),Berlin-Lichtenberg
17:47,RB 18327,Eberswalde Hbf (ab 17:08),Berlin-Lichtenberg
17:51,RB 61137,Berlin Ostkreuz (ab 17:48),Berlin-Lichtenberg
17:56,RB 61136,Templin Stadt (ab 16:33),Berlin-Lichtenberg
18:05,RB 61275,Müncheberg(Mark) (ab 17:24),Berlin-Lichtenberg
18:05,RE 62077,Elsterwerda (ab 16:12),Berlin-Lichtenberg
18:06,RB 61214,Werneuchen (ab 17:34),Berlin-Lichtenberg
18:19,RE 51715,Prenzlau (ab 16:55),Berlin-Lichtenberg
18:35,RB 61216,Werneuchen (ab 18:04),Berlin-Lichtenberg
18:47 (+1),RB 18329,Eberswalde Hbf (ab 18:08),Berlin-Lichtenberg
18:51,RB 61139,Berlin Ostkreuz (ab 18:48),Berlin-Lichtenberg
18:56,RB 61138,Templin Stadt (ab 17:33),Berlin-Lichtenberg
19:05,RB 61277,Müncheberg(Mark) (ab 18:24),Berlin-Lichtenberg
19:06,RB 61218,Werneuchen (ab 18:34),Berlin-Lichtenberg
19:12 (+53),RB 18328,Schönefeld(bei Berlin) (ab 18:49),Berlin-Lichtenberg
19:17,RE 62079,Finsterwalde(Niederlausitz) (ab 17:24),Berlin-Lichtenberg
19:35,RB 61220,Werneuchen (ab 19:04),Berlin-Lichtenberg
20:05,RE 62081,Elsterwerda (ab 18:12),Berlin-Lichtenberg
20:12 (+56),RB 18330,Schönefeld(bei Berlin) (ab 19:49),Berlin-Lichtenberg
20:51,RB 61143,Berlin Ostkreuz (ab 20:48),Berlin-Lichtenberg
20:56,RB 61142,Templin Stadt (ab 19:33),Berlin-Lichtenberg
21:06 (+1),RB 61234,Werneuchen (ab 20:34),Berlin-Lichtenberg
21:12 Ausfall,RB 18332,Schönefeld(bei Berlin) (ab 20:49),Berlin-Lichtenberg
21:17,RE 62083,Finsterwalde(Niederlausitz) (ab 19:24),Berlin-Lichtenberg
21:24 (+1),RB 5182,Kostrzyn (ab 20:02),Berlin-Lichtenberg
21:32,FEX 19866,Flughafen BER (ab 20:55),Berlin-Lichtenberg
21:35 (+1),RB 61228,Werneuchen (ab 21:06),Berlin-Lichtenberg
21:47,RB 18335,Eberswalde Hbf (ab 21:08),Berlin-Lichtenberg
21:51,RB 61145,Berlin Ostkreuz (ab 21:48),Berlin-Lichtenberg
21:56,FEX 19868,Flughafen BER (ab 21:23),Berlin-Lichtenberg
21:56,RB 61144,Templin Stadt (ab 20:33),Berlin-Lichtenberg
22:04,RE 62085,Elsterwerda (ab 20:05),Berlin-Lichtenberg
22:12,RB 18334,Schönefeld(bei Berlin) (ab 21:49),Berlin-Lichtenberg
22:12 (+4),RE 3519,Stralsund Hbf (ab 19:01),Berlin-Lichtenberg
22:21,FEX 19870,Flughafen BER (ab 21:55),Berlin-Lichtenberg
22:24 (+1),RB 5184,Kostrzyn (ab 21:04),Berlin-Lichtenberg
22:35,RB 61232,Werneuchen (ab 22:06),Berlin-Lichtenberg
22:47,RE 92834,Oranienburg (ab 22:15),Berlin-Lichtenberg
22:51,FEX 19872,Flughafen BER (ab 22:25),Berlin-Lichtenberg
22:51,RB 61147,Berlin Ostkreuz (ab 22:48),Berlin-Lichtenberg
22:56,RB 61146,Templin Stadt (ab 21:33),Berlin-Lichtenberg
23:12,RE 62087,Baruth(Mark) (ab 22:07),Berlin-Lichtenberg
23:24,RB 5186,Kostrzyn (ab 22:02),Berlin-Lichtenberg
23:31,RE 3162,Rathenow (ab 22:06),Berlin-Lichtenberg
23:48,IRE 5462,Wroclaw Glowny (ab 19:35),Berlin-Lichtenberg
23:56,RB 61148,Templin Stadt (ab 22:33),Berlin-Lichtenberg
