Ankunft,Zugnr.,von (Abfahrt),Ankunftsbhf.
00:06,RE 3138,Hennigsdorf(b Berlin) (ab 23:04),Berlin Ostkreuz
00:09 (+6),RE 3745,Senftenberg (ab 22:26),Berlin Ostkreuz
00:12,RE 73750,Magdeburg-Neustadt (ab 22:02),Berlin Ostkreuz
00:23,RE 73797,Frankfurt(Oder) (ab 23:24),Berlin Ostkreuz
00:32 (+2),RE 3141,Cottbus Hbf (ab 23:05),Berlin Ostkreuz
00:55,RE 62038,Wustermark (ab 00:02),Berlin Ostkreuz
01:08,RE 3140,Hennigsdorf(b Berlin) (ab 00:04),Berlin Ostkreuz
01:20,RE 3742,Dessau Hbf (ab 23:23),Berlin Ostkreuz
01:23,RE 73753,Frankfurt(Oder) (ab 00:24),Berlin Ostkreuz
01:36,RE 73794,Magdeburg Hbf (ab 23:12),Berlin Ostkreuz
04:40,RE 73717,Frankfurt(Oder) (ab 03:41),Berlin Ostkreuz
04:55,RE 3707,Lübbenau(Spreewald) (ab 03:53),Berlin Ostkreuz
04:55,RE 62048,Wustermark (ab 04:07),Berlin Ostkreuz
05:01,RE 3702,Bad Belzig (ab 03:41),Berlin Ostkreuz
05:01,RE 62003,Flughafen BER (ab 04:44),Berlin Ostkreuz
05:18,RE 3103,Cottbus Hbf (ab 04:01),Berlin Ostkreuz
05:37,RE 3102,Hennigsdorf(b Berlin) (ab 04:33),Berlin Ostkreuz
05:43,RE 73719,Eisenhüttenstadt (ab 04:26),Berlin Ostkreuz
05:44,RE 62054,Berlin-Lichtenberg (ab 05:39),Berlin Ostkreuz
05:49,RE 62000,Wustermark (ab 04:59),Berlin Ostkreuz
05:55,RE 3709,Senftenberg (ab 04:11),Berlin Ostkreuz
05:57,RE 62053,Elsterwerda (ab 04:13),Berlin Ostkreuz
05:59,RE 3704,Dessau Hbf (ab 04:05),Berlin Ostkreuz
06:02,RB 61112,Templin Stadt (ab 04:33),Berlin Ostkreuz
06:18,RE 3105,Cottbus Hbf (ab 05:01),Berlin Ostkreuz
06:30,RE 73756,Magdeburg Hbf (ab 04:14),Berlin Ostkreuz
06:37,RE 3104,Hennigsdorf(b Berlin) (ab 05:34),Berlin Ostkreuz
06:43,RE 73721,Eisenhüttenstadt (ab 05:36),Berlin Ostkreuz
06:55 (+4),RE 3711,Senftenberg (ab 05:11),Berlin Ostkreuz
06:55,RE 62002,Elstal (ab 06:07),Berlin Ostkreuz
07:02,RB 61114,Templin Stadt (ab 05:33),Berlin Ostkreuz
07:10 (+3),IC 2432,Cottbus Hbf (ab 06:01),Berlin Ostkreuz
07:19 (+1),RE 18756,Bad Belzig (ab 06:01),Berlin Ostkreuz
07:28 (+11),IC 2274,Dresden Hbf (ab 05:30),Berlin Ostkreuz
07:28,RE 52274,Minden(Westf) (ab 06:02),Berlin Ostkreuz
07:30,RE 73758,Brandenburg Hbf (ab 06:19),Berlin Ostkreuz
07:37,RE 3106,Hennigsdorf(b Berlin) (ab 06:34),Berlin Ostkreuz
07:43,RE 73723,Frankfurt(Oder) (ab 06:55),Berlin Ostkreuz
07:55 (+3),RE 3713,Senftenberg (ab 06:14),Berlin Ostkreuz
07:59,RE 62057,Elsterwerda (ab 06:00),Berlin Ostkreuz
08:01,RE 62009,Flughafen BER (ab 07:44),Berlin Ostkreuz
08:02,RB 61116,Templin Stadt (ab 06:33),Berlin Ostkreuz
08:13,RE 73718,Brandenburg Hbf (ab 07:05),Berlin Ostkreuz
08:18 (+15),RE 3109,Cottbus Hbf (ab 07:03),Berlin Ostkreuz
08:24,RE 73765,Frankfurt(Oder) (ab 07:26),Berlin Ostkreuz
08:30 (+1),IC 2173,Rostock Hbf (ab 06:21),Berlin Ostkreuz
08:30,RE 62060,Berlin-Lichtenberg (ab 08:26),Berlin Ostkreuz
08:30,RE 73760,Magdeburg Hbf (ab 06:10),Berlin Ostkreuz
08:35,RE 18757,Lübbenau(Spreewald) (ab 07:46),Berlin Ostkreuz
08:37 (+7),RE 3108,Hennigsdorf(b Berlin) (ab 07:34),Berlin Ostkreuz
08:39,FEX 19823,Berlin Hbf (ab 08:21),Berlin Ostkreuz
08:43,RB 61176,Werneuchen (ab 08:04),Berlin Ostkreuz
08:43,RE 73725,Eisenhüttenstadt (ab 07:36),Berlin Ostkreuz
08:46,FEX 19816,Flughafen BER (ab 08:23),Berlin Ostkreuz
08:53,RB 18309,Eberswalde Hbf (ab 08:08),Berlin Ostkreuz
08:55 (+9),RE 3715,Senftenberg (ab 07:14),Berlin Ostkreuz
08:55,RE 62006,Elstal (ab 08:07),Berlin Ostkreuz
09:01 (+7),RE 3710,Dessau Hbf (ab 07:05),Berlin Ostkreuz
09:01,RE 62011,Flughafen BER (ab 08:44),Berlin Ostkreuz
09:02,RB 61118,Templin Stadt (ab 07:33),Berlin Ostkreuz
09:06 (+1),RB 18308,Schönefeld(bei Berlin) (ab 08:49),Berlin Ostkreuz
09:10,FEX 19825,Berlin Hbf (ab 08:51),Berlin Ostkreuz
09:12,RE 62059,Finsterwalde(Niederlausitz) (ab 07:24),Berlin Ostkreuz
09:13,RB 61257,Müncheberg(Mark) (ab 08:24),Berlin Ostkreuz
09:13,RE 73720,Magdeburg Hbf (ab 07:07),Berlin Ostkreuz
09:16,FEX 19818,Flughafen BER (ab 08:55),Berlin Ostkreuz
09:18 (+2),RE 3111,Cottbus Hbf (ab 08:04),Berlin Ostkreuz
09:24,RE 73767,Frankfurt(Oder) (ab 08:26),Berlin Ostkreuz
09:29 (+47),IC 2272,Chemnitz Hbf (ab 06:26),Berlin Ostkreuz
09:29 (+44),RE 52272,Elsterwerda (ab 08:24),Berlin Ostkreuz
09:30,RE 73762,Brandenburg Hbf (ab 08:19),Berlin Ostkreuz
09:37 (+24),RE 3110,Hennigsdorf(b Berlin) (ab 08:34),Berlin Ostkreuz
09:39,FEX 19827,Berlin Hbf (ab 09:21),Berlin Ostkreuz
09:43,RB 61180,Werneuchen (ab 09:04),Berlin Ostkreuz
09:43,RE 73727,Eisenhüttenstadt (ab 08:36),Berlin Ostkreuz
09:44,RE 62062,Berlin-Lichtenberg (ab 09:39),Berlin Ostkreuz
09:46,FEX 19820,Flughafen BER (ab 09:23),Berlin Ostkreuz
09:49,RE 73808,Brandenburg Hbf (ab 08:45),Berlin Ostkreuz
09:53,RB 18311,Eberswalde Hbf (ab 09:08),Berlin Ostkreuz
09:55 (+1),RE 3717,Senftenberg (ab 08:14),Berlin Ostkreuz
09:55,RE 62008,Elstal (ab 09:07),Berlin Ostkreuz
09:59,RE 62061,Elsterwerda (ab 08:12),Berlin Ostkreuz
10:01 (+9),RE 3712,Dessau Hbf (ab 08:05),Berlin Ostkreuz
10:02,RB 61120,Templin Stadt (ab 08:33),Berlin Ostkreuz
10:13,RE 73722,Magdeburg Hbf (ab 08:06),Berlin Ostkreuz
10:18,RE 3113,Cottbus Hbf (ab 09:04),Berlin Ostkreuz
10:24,RE 73769,Frankfurt(Oder) (ab 09:26),Berlin Ostkreuz
10:30 (+11),IC 2175,Rostock Hbf (ab 08:21),Berlin Ostkreuz
10:30,RE 73764,Brandenburg Hbf (ab 09:19),Berlin Ostkreuz
10:37,RE 3112,Hennigsdorf(b Berlin) (ab 09:34),Berlin Ostkreuz
10:43,RE 73729,Frankfurt(Oder) (ab 09:55),Berlin Ostkreuz
10:55 (+1),RE 3719,Senftenberg (ab 09:14),Berlin Ostkreuz
10:55,RE 62010,Elstal (ab 10:07),Berlin Ostkreuz
11:01 (+3),RE 3714,Dessau Hbf (ab 09:04),Berlin Ostkreuz
11:01,RE 62015,Flughafen BER (ab 10:44),Berlin Ostkreuz
11:02,RB 61122,Templin Stadt (ab 09:33),Berlin Ostkreuz
11:13,RE 73724,Magdeburg Hbf (ab 09:06),Berlin Ostkreuz
11:18,RE 3115,Cottbus Hbf (ab 10:04),Berlin Ostkreuz
11:24,RE 73771,Frankfurt(Oder) (ab 10:26),Berlin Ostkreuz
11:28 (+29),IC 2270,Chemnitz Hbf (ab 08:26),Berlin Ostkreuz
11:28,RE 52270,Elsterwerda (ab 10:24),Berlin Ostkreuz
11:30,RE 73766,Brandenburg Hbf (ab 10:19),Berlin Ostkreuz
11:37,RE 3114,Hennigsdorf(b Berlin) (ab 10:34),Berlin Ostkreuz
11:43,RE 73731,Frankfurt(Oder) (ab 10:55),Berlin Ostkreuz
11:53,RB 18315,Eberswalde Hbf (ab 11:08),Berlin Ostkreuz
11:55,RE 3721,Senftenberg (ab 10:14),Berlin Ostkreuz
11:55,RE 62012,Elstal (ab 11:07),Berlin Ostkreuz
11:59,RE 62065,Elsterwerda (ab 10:12),Berlin Ostkreuz
12:01 (+5),RE 3716,Dessau Hbf (ab 10:05),Berlin Ostkreuz
12:02,RB 61124,Templin Stadt (ab 10:33),Berlin Ostkreuz
12:06 (+1),RB 18314,Schönefeld(bei Berlin) (ab 11:49),Berlin Ostkreuz
12:10,FEX 19837,Berlin Hbf (ab 11:52),Berlin Ostkreuz
12:13,RB 61263,Müncheberg(Mark) (ab 11:24),Berlin Ostkreuz
12:13,RE 73726,Magdeburg Hbf (ab 10:06),Berlin Ostkreuz
12:16,FEX 19830,Flughafen BER (ab 11:55),Berlin Ostkreuz
12:17,RB 61190,Werneuchen (ab 11:34),Berlin Ostkreuz
12:18,RE 3117,Cottbus Hbf (ab 11:04),Berlin Ostkreuz
12:24,RE 73773,Frankfurt(Oder) (ab 11:26),Berlin Ostkreuz
12:30,RE 73768,Brandenburg Hbf (ab 11:19),Berlin Ostkreuz
12:31 (+5),IC 2177,Rostock Hbf (ab 10:21),Berlin Ostkreuz
12:37,RE 3116,Hennigsdorf(b Berlin) (ab 11:34),Berlin Ostkreuz
12:39,FEX 19839,Berlin Hbf (ab 12:18),Berlin Ostkreuz
12:43,RE 73733,Frankfurt(Oder) (ab 11:55),Berlin Ostkreuz
12:46,FEX 19832,Flughafen BER (ab 12:23),Berlin Ostkreuz
13:02,RB 61126,Templin Stadt (ab 11:33),Berlin Ostkreuz
13:28 (+11),IC 2178,Dresden Hbf (ab 11:30),Berlin Ostkreuz
13:30,RE 73770,Brandenburg Hbf (ab 12:19),Berlin Ostkreuz
13:37,RE 3118,Hennigsdorf(b Berlin) (ab 12:34),Berlin Ostkreuz
13:43,RE 73735,Frankfurt(Oder) (ab 12:55),Berlin Ostkreuz
14:02,RB 61128,Templin Stadt (ab 12:33),Berlin Ostkreuz
14:13,RE 73730,Magdeburg Hbf (ab 12:06),Berlin Ostkreuz
14:30 (+11),IC 2179,Warnemünde (ab 11:54),Berlin Ostkreuz
14:37 (+8),RE 3120,Hennigsdorf(b Berlin) (ab 13:34),Berlin Ostkreuz
15:02,RB 61130,Templin Stadt (ab 13:33),Berlin Ostkreuz
15:18,RE 3123,Cottbus Hbf (ab 14:04),Berlin Ostkreuz
15:24,RE 73779,Frankfurt(Oder) (ab 14:26),Berlin Ostkreuz
15:28 (+4),IC 2176,Dresden Hbf (ab 13:30),Berlin Ostkreuz
15:37 (+73),RE 3122,Hennigsdorf(b Berlin) (ab 14:34),Berlin Ostkreuz
15:43,RE 73739,Eisenhüttenstadt (ab 14:36),Berlin Ostkreuz
15:44,RE 62074,Berlin-Lichtenberg (ab 15:38),Berlin Ostkreuz
15:55 (+8),RE 3729,Troisvierges (ab 04:35),Berlin Ostkreuz
16:01 (+11),RE 3724,Dessau Hbf (ab 14:05),Berlin Ostkreuz
16:01,RE 62025,Flughafen BER (ab 15:44),Berlin Ostkreuz
16:02,RB 61132,Templin Stadt (ab 14:33),Berlin Ostkreuz
16:13,RE 73734,Magdeburg Hbf (ab 14:06),Berlin Ostkreuz
16:18,RE 3125,Cottbus Hbf (ab 15:04),Berlin Ostkreuz
16:19,RE 18762,Bad Belzig (ab 15:05),Berlin Ostkreuz
16:30 (+5),IC 2271,Warnemünde (ab 13:54),Berlin Ostkreuz
16:30,RE 73776,Brandenburg Hbf (ab 15:19),Berlin Ostkreuz
16:37 (+17),RE 3124,Hennigsdorf(b Berlin) (ab 15:34),Berlin Ostkreuz
16:47,RE 62076,Berlin-Lichtenberg (ab 16:40),Berlin Ostkreuz
16:55 (+3),RE 3731,Senftenberg (ab 15:14),Berlin Ostkreuz
16:55,RE 62022,Elstal (ab 16:07),Berlin Ostkreuz
17:01 (+14),RE 3726,Dessau Hbf (ab 15:04),Berlin Ostkreuz
17:01,RE 62027,Flughafen BER (ab 16:44),Berlin Ostkreuz
17:02,RB 61134,Templin Stadt (ab 15:33),Berlin Ostkreuz
17:06,RB 18324,Schönefeld(bei Berlin) (ab 16:49),Berlin Ostkreuz
17:13,RE 73736,Magdeburg Hbf (ab 15:06),Berlin Ostkreuz
17:18 (+5),RE 18764,Bad Belzig (ab 16:05),Berlin Ostkreuz
17:18 (+33),RE 3127,Cottbus Hbf (ab 16:04),Berlin Ostkreuz
17:24,RE 73783,Frankfurt(Oder) (ab 16:26),Berlin Ostkreuz
17:28 (+13),IC 2174,Dresden Hbf (ab 15:30),Berlin Ostkreuz
17:28,RE 52174,Elsterwerda (ab 16:24),Berlin Ostkreuz
17:30,RE 73778,Brandenburg Hbf (ab 16:19),Berlin Ostkreuz
17:35 (+5),RE 18763,Lübbenau(Spreewald) (ab 16:46),Berlin Ostkreuz
17:37,RE 3126,Hennigsdorf(b Berlin) (ab 16:34),Berlin Ostkreuz
17:45,RE 62078,Berlin-Lichtenberg (ab 17:42),Berlin Ostkreuz
17:55 (+21),RE 3733,Senftenberg (ab 16:14),Berlin Ostkreuz
17:59,RE 62077,Elsterwerda (ab 16:12),Berlin Ostkreuz
18:01 (+2),RE 3728,Dessau Hbf (ab 16:05),Berlin Ostkreuz
18:02,RB 61136,Templin Stadt (ab 16:33),Berlin Ostkreuz
18:13,RE 73738,Magdeburg Hbf (ab 16:06),Berlin Ostkreuz
18:18,RE 3129,Cottbus Hbf (ab 17:04),Berlin Ostkreuz
18:19,RE 18766,Berlin Friedrichstr (ab 18:05),Berlin Ostkreuz
18:30,RE 73780,Brandenburg Hbf (ab 17:19),Berlin Ostkreuz
18:31,IC 2273,Warnemünde (ab 15:54),Berlin Ostkreuz
18:35,RE 18765,Lübbenau(Spreewald) (ab 17:46),Berlin Ostkreuz
18:37,RE 3128,Hennigsdorf(b Berlin) (ab 17:34),Berlin Ostkreuz
18:55 (+9),RE 3735,Senftenberg (ab 17:14),Berlin Ostkreuz
19:02,RB 61138,Templin Stadt (ab 17:33),Berlin Ostkreuz
19:12,RE 62079,Finsterwalde(Niederlausitz) (ab 17:24),Berlin Ostkreuz
19:13,RE 73740,Magdeburg Hbf (ab 17:06),Berlin Ostkreuz
19:18,RE 3131,Cottbus Hbf (ab 18:04),Berlin Ostkreuz
19:21,IC 2431,Emden Außenhafen (ab 12:01),Berlin Ostkreuz
19:28 (+11),IC 2172,Dresden Hbf (ab 17:30),Berlin Ostkreuz
19:30,RE 62082,Berlin-Lichtenberg (ab 19:27),Berlin Ostkreuz
19:30,RE 73782,Brandenburg Hbf (ab 18:19),Berlin Ostkreuz
19:55 (+1),RE 3737,Senftenberg (ab 18:14),Berlin Ostkreuz
19:59,RE 62081,Elsterwerda (ab 18:12),Berlin Ostkreuz
20:13,RE 73742,Magdeburg Hbf (ab 18:06),Berlin Ostkreuz
20:24,RE 73789,Frankfurt(Oder) (ab 19:26),Berlin Ostkreuz
20:30 (+1),IC 2275,Warnemünde (ab 17:54),Berlin Ostkreuz
20:30,RE 73784,Brandenburg Hbf (ab 19:19),Berlin Ostkreuz
20:43,RE 73749,Frankfurt(Oder) (ab 19:55),Berlin Ostkreuz
20:47,RE 62084,Berlin-Lichtenberg (ab 20:42),Berlin Ostkreuz
21:03,RB 61142,Templin Stadt (ab 19:33),Berlin Ostkreuz
21:23,RE 73791,Frankfurt(Oder) (ab 20:26),Berlin Ostkreuz
21:30,RE 73786,Brandenburg Hbf (ab 20:19),Berlin Ostkreuz
21:46,RE 62086,Berlin-Lichtenberg (ab 21:42),Berlin Ostkreuz
21:50,RE 73828,Berlin-Charlottenburg (ab 21:18),Berlin Ostkreuz
21:58,RE 62085,Elsterwerda (ab 20:05),Berlin Ostkreuz
22:01 (+18),RE 3736,Dessau Hbf (ab 20:05),Berlin Ostkreuz
22:02 (+35),EC 40,Warszawa Wschodnia (ab 16:44),Berlin Ostkreuz
22:13,RE 73746,Magdeburg Hbf (ab 20:06),Berlin Ostkreuz
22:23,RE 73793,Frankfurt(Oder) (ab 21:24),Berlin Ostkreuz
22:39,FEX 19879,Berlin Hbf (ab 22:21),Berlin Ostkreuz
22:43,RE 73827,Fürstenwalde(Spree) (ab 22:13),Berlin Ostkreuz
22:44,RE 62088,Berlin-Lichtenberg (ab 22:41),Berlin Ostkreuz
22:47,FEX 19872,Schönefeld(bei Berlin) (ab 22:33),Berlin Ostkreuz
23:04,RE 62087,Baruth(Mark) (ab 22:07),Berlin Ostkreuz
23:06,RE 3136,Hennigsdorf(b Berlin) (ab 22:02),Berlin Ostkreuz
23:13,RE 73748,Magdeburg-Neustadt (ab 21:03),Berlin Ostkreuz
23:16,FEX 19874,Schönefeld(bei Berlin) (ab 23:01),Berlin Ostkreuz
23:18 (+24),RE 3139,Berlin-Staaken (ab 00:00),Berlin Ostkreuz
23:23,RE 73795,Frankfurt(Oder) (ab 22:24),Berlin Ostkreuz
23:45,RE 73829,Frankfurt(Oder) (ab 22:55),Berlin Ostkreuz
23:55,RE 62036,Wustermark (ab 23:04),Berlin Ostkreuz
